"scenario_id","replicate","estimator","formula_id","estimate","se","ci_low","ci_high","converged","diagnostics"
"main_1to1_K05_n020_normal",1,"target_only","misspecified",1.67356675926198,0.628421021278217,0.353303185107787,2.99383033341616,TRUE,""
"main_1to1_K05_n020_normal",1,"inmass","misspecified",NA,NA,NA,NA,FALSE,"ps_meta=1;source_count_mode=all_rows_legacy"
"main_1to1_K05_n020_normal",1,"meta_regression","misspecified",NA,NA,NA,NA,FALSE,"Length of 'yi' and 'vi' (or 'sei') are not the same."
"main_1to1_K05_n020_normal",1,"target_only","correct",2.36939248203392,0.520386590900902,1.26622219033941,3.47256277372842,TRUE,""
"main_1to1_K05_n020_normal",1,"inmass","correct",NA,NA,NA,NA,FALSE,"ps_meta=1;source_count_mode=all_rows_legacy"
"main_1to1_K05_n020_normal",1,"meta_regression","correct",NA,NA,NA,NA,FALSE,"Length of 'yi' and 'vi' (or 'sei') are not the same."
"main_3to1_K05_n020_normal",1,"target_only","misspecified",1.88004430569673,0.692246816811598,0.425687710970543,3.33440090042292,TRUE,""
"main_3to1_K05_n020_normal",1,"inmass","misspecified",NA,NA,NA,NA,FALSE,"ps_meta=2;source_count_mode=source_rows"
"main_3to1_K05_n020_normal",1,"meta_regression","misspecified",NA,NA,NA,NA,FALSE,"Length of 'yi' and 'vi' (or 'sei') are not the same."
"main_3to1_K05_n020_normal",1,"target_only","correct",1.73145299318887,0.717105390129089,0.211257476554091,3.25164850982365,TRUE,""
"main_3to1_K05_n020_normal",1,"inmass","correct",NA,NA,NA,NA,FALSE,"ps_meta=2;source_count_mode=source_rows"
"main_3to1_K05_n020_normal",1,"meta_regression","correct",NA,NA,NA,NA,FALSE,"Length of 'yi' and 'vi' (or 'sei') are not the same."
"main_4to0_K05_n020_normal",1,"target_only","misspecified",NA,NA,NA,NA,FALSE,"x1k coefficient unavailable"
"main_4to0_K05_n020_normal",1,"inmass","misspecified",NA,NA,NA,NA,FALSE,"ps_meta=2;source_count_mode=source_rows"
"main_4to0_K05_n020_normal",1,"meta_regression","misspecified",2.5878658088349,0.708379715433458,1.19946707920659,3.97626453846321,TRUE,""
"main_4to0_K05_n020_normal",1,"target_only","correct",NA,NA,NA,NA,FALSE,"x1k coefficient unavailable"
"main_4to0_K05_n020_normal",1,"inmass","correct",NA,NA,NA,NA,FALSE,"ps_meta=2;source_count_mode=source_rows"
"main_4to0_K05_n020_normal",1,"meta_regression","correct",1.95096986544112,0.68705733673804,0.604362230120554,3.29757750076169,TRUE,""
"main_1to1_K10_n020_normal",1,"target_only","misspecified",1.77651079426106,0.597889374128488,0.520391830528599,3.03262975799352,TRUE,""
"main_1to1_K10_n020_normal",1,"inmass","misspecified",NA,NA,NA,NA,FALSE,"ps_meta=1;source_count_mode=all_rows_legacy"
"main_1to1_K10_n020_normal",1,"meta_regression","misspecified",NA,NA,NA,NA,FALSE,"Length of 'yi' and 'vi' (or 'sei') are not the same."
"main_1to1_K10_n020_normal",1,"target_only","correct",1.95003871407104,0.591313040943558,0.696511065076158,3.20356636306593,TRUE,""
"main_1to1_K10_n020_normal",1,"inmass","correct",NA,NA,NA,NA,FALSE,"ps_meta=1;source_count_mode=all_rows_legacy"
"main_1to1_K10_n020_normal",1,"meta_regression","correct",NA,NA,NA,NA,FALSE,"Length of 'yi' and 'vi' (or 'sei') are not the same."
"main_3to1_K10_n020_normal",1,"target_only","misspecified",1.89169152936723,0.631839497482473,0.564246003211482,3.21913705552298,TRUE,""
"main_3to1_K10_n020_normal",1,"inmass","misspecified",NA,NA,NA,NA,FALSE,"ps_meta=2;source_count_mode=source_rows"
"main_3to1_K10_n020_normal",1,"meta_regression","misspecified",NA,NA,NA,NA,FALSE,"Length of 'yi' and 'vi' (or 'sei') are not the same."
"main_3to1_K10_n020_normal",1,"target_only","correct",1.25438252256486,0.638080774123384,-0.0982882918304975,2.60705333696022,TRUE,""
"main_3to1_K10_n020_normal",1,"inmass","correct",NA,NA,NA,NA,FALSE,"ps_meta=2;source_count_mode=source_rows"
"main_3to1_K10_n020_normal",1,"meta_regression","correct",NA,NA,NA,NA,FALSE,"Length of 'yi' and 'vi' (or 'sei') are not the same."
"main_4to0_K10_n020_normal",1,"target_only","misspecified",NA,NA,NA,NA,FALSE,"x1k coefficient unavailable"
"main_4to0_K10_n020_normal",1,"inmass","misspecified",NA,NA,NA,NA,FALSE,"ps_meta=2;source_count_mode=source_rows"
"main_4to0_K10_n020_normal",1,"meta_regression","misspecified",2.63596967351802,0.464852550673678,1.72487541607603,3.54706393096001,TRUE,""
"main_4to0_K10_n020_normal",1,"target_only","correct",NA,NA,NA,NA,FALSE,"x1k coefficient unavailable"
"main_4to0_K10_n020_normal",1,"inmass","correct",NA,NA,NA,NA,FALSE,"ps_meta=2;source_count_mode=source_rows"
"main_4to0_K10_n020_normal",1,"meta_regression","correct",2.28085858556278,0.589948649712133,1.12458047939897,3.4371366917266,TRUE,""
"main_1to1_K30_n020_normal",1,"target_only","misspecified",1.31343597130502,0.514254806925202,0.233026713135963,2.39384522947407,TRUE,""
"main_1to1_K30_n020_normal",1,"inmass","misspecified",NA,NA,NA,NA,FALSE,"ps_meta=1;source_count_mode=all_rows_legacy"
"main_1to1_K30_n020_normal",1,"meta_regression","misspecified",NA,NA,NA,NA,FALSE,"Length of 'yi' and 'vi' (or 'sei') are not the same."
"main_1to1_K30_n020_normal",1,"target_only","correct",1.98633032161968,0.324453122628436,1.29852042761078,2.67414021562859,TRUE,""
"main_1to1_K30_n020_normal",1,"inmass","correct",NA,NA,NA,NA,FALSE,"ps_meta=1;source_count_mode=all_rows_legacy"
"main_1to1_K30_n020_normal",1,"meta_regression","correct",NA,NA,NA,NA,FALSE,"Length of 'yi' and 'vi' (or 'sei') are not the same."
"main_3to1_K30_n020_normal",1,"target_only","misspecified",1.89477677045143,0.644797911978429,0.540106625674544,3.24944691522831,TRUE,""
"main_3to1_K30_n020_normal",1,"inmass","misspecified",NA,NA,NA,NA,FALSE,"ps_meta=2;source_count_mode=source_rows"
"main_3to1_K30_n020_normal",1,"meta_regression","misspecified",NA,NA,NA,NA,FALSE,"Length of 'yi' and 'vi' (or 'sei') are not the same."
"main_3to1_K30_n020_normal",1,"target_only","correct",2.65294496590867,0.625851563511929,1.32619891989382,3.97969101192351,TRUE,""
"main_3to1_K30_n020_normal",1,"inmass","correct",NA,NA,NA,NA,FALSE,"ps_meta=2;source_count_mode=source_rows"
"main_3to1_K30_n020_normal",1,"meta_regression","correct",NA,NA,NA,NA,FALSE,"Length of 'yi' and 'vi' (or 'sei') are not the same."
"main_4to0_K30_n020_normal",1,"target_only","misspecified",NA,NA,NA,NA,FALSE,"x1k coefficient unavailable"
"main_4to0_K30_n020_normal",1,"inmass","misspecified",NA,NA,NA,NA,FALSE,"ps_meta=2;source_count_mode=source_rows"
"main_4to0_K30_n020_normal",1,"meta_regression","misspecified",2.61481751534407,0.306676973535002,2.01374169232773,3.21589333836042,TRUE,""
"main_4to0_K30_n020_normal",1,"target_only","correct",NA,NA,NA,NA,FALSE,"x1k coefficient unavailable"
"main_4to0_K30_n020_normal",1,"inmass","correct",NA,NA,NA,NA,FALSE,"ps_meta=2;source_count_mode=source_rows"
"main_4to0_K30_n020_normal",1,"meta_regression","correct",2.08425217650072,0.394833729803239,1.31039228620475,2.85811206679669,TRUE,""
"main_1to1_K05_n040_normal",1,"target_only","misspecified",2.10319596472334,0.413198616433474,1.26671909707892,2.93967283236777,TRUE,""
"main_1to1_K05_n040_normal",1,"inmass","misspecified",NA,NA,NA,NA,FALSE,"ps_meta=1;source_count_mode=all_rows_legacy"
"main_1to1_K05_n040_normal",1,"meta_regression","misspecified",NA,NA,NA,NA,FALSE,"Length of 'yi' and 'vi' (or 'sei') are not the same."
"main_1to1_K05_n040_normal",1,"target_only","correct",2.2429353103975,0.285707722286516,1.66349319279443,2.82237742800058,TRUE,""
"main_1to1_K05_n040_normal",1,"inmass","correct",NA,NA,NA,NA,FALSE,"ps_meta=1;source_count_mode=all_rows_legacy"
"main_1to1_K05_n040_normal",1,"meta_regression","correct",NA,NA,NA,NA,FALSE,"Length of 'yi' and 'vi' (or 'sei') are not the same."
"main_3to1_K05_n040_normal",1,"target_only","misspecified",1.9993782736322,0.540267908772307,0.905663072164618,3.09309347509978,TRUE,""
"main_3to1_K05_n040_normal",1,"inmass","misspecified",NA,NA,NA,NA,FALSE,"ps_meta=2;source_count_mode=source_rows"
"main_3to1_K05_n040_normal",1,"meta_regression","misspecified",NA,NA,NA,NA,FALSE,"Length of 'yi' and 'vi' (or 'sei') are not the same."
"main_3to1_K05_n040_normal",1,"target_only","correct",2.0343490563516,0.494814286086712,1.03081917113971,3.03787894156348,TRUE,""
"main_3to1_K05_n040_normal",1,"inmass","correct",NA,NA,NA,NA,FALSE,"ps_meta=2;source_count_mode=source_rows"
"main_3to1_K05_n040_normal",1,"meta_regression","correct",NA,NA,NA,NA,FALSE,"Length of 'yi' and 'vi' (or 'sei') are not the same."
"main_4to0_K05_n040_normal",1,"target_only","misspecified",NA,NA,NA,NA,FALSE,"x1k coefficient unavailable"
"main_4to0_K05_n040_normal",1,"inmass","misspecified",NA,NA,NA,NA,FALSE,"ps_meta=2;source_count_mode=source_rows"
"main_4to0_K05_n040_normal",1,"meta_regression","misspecified",2.59400634032413,0.807262436327328,1.0118010390505,4.17621164159775,TRUE,""
"main_4to0_K05_n040_normal",1,"target_only","correct",NA,NA,NA,NA,FALSE,"x1k coefficient unavailable"
"main_4to0_K05_n040_normal",1,"inmass","correct",NA,NA,NA,NA,FALSE,"ps_meta=2;source_count_mode=source_rows"
"main_4to0_K05_n040_normal",1,"meta_regression","correct",2.02643182149795,0.673333168969565,0.70672306072138,3.34614058227452,TRUE,""
"main_1to1_K10_n040_normal",1,"target_only","misspecified",2.64290743291175,0.396465167595837,1.84030566143636,3.44550920438714,TRUE,""
"main_1to1_K10_n040_normal",1,"inmass","misspecified",NA,NA,NA,NA,FALSE,"ps_meta=1;source_count_mode=all_rows_legacy"
"main_1to1_K10_n040_normal",1,"meta_regression","misspecified",NA,NA,NA,NA,FALSE,"Length of 'yi' and 'vi' (or 'sei') are not the same."
"main_1to1_K10_n040_normal",1,"target_only","correct",2.79666665598962,0.322601860096922,2.14239975882192,3.45093355315732,TRUE,""
"main_1to1_K10_n040_normal",1,"inmass","correct",NA,NA,NA,NA,FALSE,"ps_meta=1;source_count_mode=all_rows_legacy"
"main_1to1_K10_n040_normal",1,"meta_regression","correct",NA,NA,NA,NA,FALSE,"Length of 'yi' and 'vi' (or 'sei') are not the same."
"main_3to1_K10_n040_normal",1,"target_only","misspecified",2.3813572135623,0.426522852427434,1.51790684033311,3.24480758679148,TRUE,""
"main_3to1_K10_n040_normal",1,"inmass","misspecified",NA,NA,NA,NA,FALSE,"ps_meta=2;source_count_mode=source_rows"
"main_3to1_K10_n040_normal",1,"meta_regression","misspecified",NA,NA,NA,NA,FALSE,"Length of 'yi' and 'vi' (or 'sei') are not the same."
"main_3to1_K10_n040_normal",1,"target_only","correct",2.49471396462045,0.376168707800355,1.73180846497398,3.25761946426692,TRUE,""
"main_3to1_K10_n040_normal",1,"inmass","correct",NA,NA,NA,NA,FALSE,"ps_meta=2;source_count_mode=source_rows"
"main_3to1_K10_n040_normal",1,"meta_regression","correct",NA,NA,NA,NA,FALSE,"Length of 'yi' and 'vi' (or 'sei') are not the same."
"main_4to0_K10_n040_normal",1,"target_only","misspecified",NA,NA,NA,NA,FALSE,"x1k coefficient unavailable"
"main_4to0_K10_n040_normal",1,"inmass","misspecified",NA,NA,NA,NA,FALSE,"ps_meta=2;source_count_mode=source_rows"
"main_4to0_K10_n040_normal",1,"meta_regression","misspecified",2.54809940440087,0.496985693647567,1.57402534401998,3.52217346478176,TRUE,""
"main_4to0_K10_n040_normal",1,"target_only","correct",NA,NA,NA,NA,FALSE,"x1k coefficient unavailable"
"main_4to0_K10_n040_normal",1,"inmass","correct",NA,NA,NA,NA,FALSE,"ps_meta=2;source_count_mode=source_rows"
"main_4to0_K10_n040_normal",1,"meta_regression","correct",1.87477336091705,0.625318335017302,0.649171945410592,3.10037477642352,TRUE,""
"main_1to1_K30_n040_normal",1,"target_only","misspecified",1.60272462436389,0.504095473593235,0.582236689567304,2.62321255916048,TRUE,""
"main_1to1_K30_n040_normal",1,"inmass","misspecified",NA,NA,NA,NA,FALSE,"ps_meta=1;source_count_mode=all_rows_legacy"
"main_1to1_K30_n040_normal",1,"meta_regression","misspecified",NA,NA,NA,NA,FALSE,"Length of 'yi' and 'vi' (or 'sei') are not the same."
"main_1to1_K30_n040_normal",1,"target_only","correct",1.93885472487501,0.397974194850001,1.1317256477547,2.74598380199532,TRUE,""
"main_1to1_K30_n040_normal",1,"inmass","correct",NA,NA,NA,NA,FALSE,"ps_meta=1;source_count_mode=all_rows_legacy"
"main_1to1_K30_n040_normal",1,"meta_regression","correct",NA,NA,NA,NA,FALSE,"Length of 'yi' and 'vi' (or 'sei') are not the same."
"main_3to1_K30_n040_normal",1,"target_only","misspecified",1.65765517770364,0.427324129019197,0.792582704818415,2.52272765058887,TRUE,""
"main_3to1_K30_n040_normal",1,"inmass","misspecified",NA,NA,NA,NA,FALSE,"ps_meta=2;source_count_mode=source_rows"
"main_3to1_K30_n040_normal",1,"meta_regression","misspecified",NA,NA,NA,NA,FALSE,"Length of 'yi' and 'vi' (or 'sei') are not the same."
"main_3to1_K30_n040_normal",1,"target_only","correct",1.61808149514164,0.396857017396522,0.813218158912762,2.42294483137052,TRUE,""
"main_3to1_K30_n040_normal",1,"inmass","correct",NA,NA,NA,NA,FALSE,"ps_meta=2;source_count_mode=source_rows"
"main_3to1_K30_n040_normal",1,"meta_regression","correct",NA,NA,NA,NA,FALSE,"Length of 'yi' and 'vi' (or 'sei') are not the same."
"main_4to0_K30_n040_normal",1,"target_only","misspecified",NA,NA,NA,NA,FALSE,"x1k coefficient unavailable"
"main_4to0_K30_n040_normal",1,"inmass","misspecified",NA,NA,NA,NA,FALSE,"ps_meta=2;source_count_mode=source_rows"
"main_4to0_K30_n040_normal",1,"meta_regression","misspecified",2.52242375390043,0.297539506413005,1.93925703735312,3.10559047044775,TRUE,""
"main_4to0_K30_n040_normal",1,"target_only","correct",NA,NA,NA,NA,FALSE,"x1k coefficient unavailable"
"main_4to0_K30_n040_normal",1,"inmass","correct",NA,NA,NA,NA,FALSE,"ps_meta=2;source_count_mode=source_rows"
"main_4to0_K30_n040_normal",1,"meta_regression","correct",2.0063019096955,0.384031293999138,1.25361440452087,2.75898941487012,TRUE,""
"main_1to1_K05_n100_normal",1,"target_only","misspecified",2.36817479040951,0.257392999828672,1.85738675923121,2.87896282158782,TRUE,""
"main_1to1_K05_n100_normal",1,"inmass","misspecified",NA,NA,NA,NA,FALSE,"ps_meta=1;source_count_mode=all_rows_legacy"
"main_1to1_K05_n100_normal",1,"meta_regression","misspecified",NA,NA,NA,NA,FALSE,"Length of 'yi' and 'vi' (or 'sei') are not the same."
"main_1to1_K05_n100_normal",1,"target_only","correct",2.32761578788134,0.210140734053371,1.91048972757358,2.74474184818909,TRUE,""
"main_1to1_K05_n100_normal",1,"inmass","correct",NA,NA,NA,NA,FALSE,"ps_meta=1;source_count_mode=all_rows_legacy"
"main_1to1_K05_n100_normal",1,"meta_regression","correct",NA,NA,NA,NA,FALSE,"Length of 'yi' and 'vi' (or 'sei') are not the same."
"main_3to1_K05_n100_normal",1,"target_only","misspecified",1.65636228655579,0.275436666244324,1.10976718661561,2.20295738649596,TRUE,""
"main_3to1_K05_n100_normal",1,"inmass","misspecified",NA,NA,NA,NA,FALSE,"ps_meta=2;source_count_mode=source_rows"
"main_3to1_K05_n100_normal",1,"meta_regression","misspecified",NA,NA,NA,NA,FALSE,"Length of 'yi' and 'vi' (or 'sei') are not the same."
"main_3to1_K05_n100_normal",1,"target_only","correct",1.96671709829759,0.24033629681302,1.48965331963435,2.44378087696084,TRUE,""
"main_3to1_K05_n100_normal",1,"inmass","correct",NA,NA,NA,NA,FALSE,"ps_meta=2;source_count_mode=source_rows"
"main_3to1_K05_n100_normal",1,"meta_regression","correct",NA,NA,NA,NA,FALSE,"Length of 'yi' and 'vi' (or 'sei') are not the same."
"main_4to0_K05_n100_normal",1,"target_only","misspecified",NA,NA,NA,NA,FALSE,"x1k coefficient unavailable"
"main_4to0_K05_n100_normal",1,"inmass","misspecified",NA,NA,NA,NA,FALSE,"ps_meta=2;source_count_mode=source_rows"
"main_4to0_K05_n100_normal",1,"meta_regression","misspecified",2.56400336434156,0.746377652259823,1.10113004704674,4.02687668163637,TRUE,""
"main_4to0_K05_n100_normal",1,"target_only","correct",NA,NA,NA,NA,FALSE,"x1k coefficient unavailable"
"main_4to0_K05_n100_normal",1,"inmass","correct",NA,NA,NA,NA,FALSE,"ps_meta=2;source_count_mode=source_rows"
"main_4to0_K05_n100_normal",1,"meta_regression","correct",1.92149596940583,0.903595511561885,0.150481310152492,3.69251062865917,TRUE,""
"main_1to1_K10_n100_normal",1,"target_only","misspecified",2.40073972322277,0.249808307811555,1.9050032665049,2.89647617994064,TRUE,""
"main_1to1_K10_n100_normal",1,"inmass","misspecified",NA,NA,NA,NA,FALSE,"ps_meta=1;source_count_mode=all_rows_legacy"
"main_1to1_K10_n100_normal",1,"meta_regression","misspecified",NA,NA,NA,NA,FALSE,"Length of 'yi' and 'vi' (or 'sei') are not the same."
"main_1to1_K10_n100_normal",1,"target_only","correct",2.41718576515151,0.207127649794133,2.00604062982763,2.82833090047538,TRUE,""
"main_1to1_K10_n100_normal",1,"inmass","correct",NA,NA,NA,NA,FALSE,"ps_meta=1;source_count_mode=all_rows_legacy"
"main_1to1_K10_n100_normal",1,"meta_regression","correct",NA,NA,NA,NA,FALSE,"Length of 'yi' and 'vi' (or 'sei') are not the same."
"main_3to1_K10_n100_normal",1,"target_only","misspecified",1.09095315741084,0.256330182065987,0.582274253492652,1.59963206132902,TRUE,""
"main_3to1_K10_n100_normal",1,"inmass","misspecified",NA,NA,NA,NA,FALSE,"ps_meta=2;source_count_mode=source_rows"
"main_3to1_K10_n100_normal",1,"meta_regression","misspecified",NA,NA,NA,NA,FALSE,"Length of 'yi' and 'vi' (or 'sei') are not the same."
"main_3to1_K10_n100_normal",1,"target_only","correct",1.19489894383306,0.253624811102768,0.691457672781216,1.6983402148849,TRUE,""
"main_3to1_K10_n100_normal",1,"inmass","correct",NA,NA,NA,NA,FALSE,"ps_meta=2;source_count_mode=source_rows"
"main_3to1_K10_n100_normal",1,"meta_regression","correct",NA,NA,NA,NA,FALSE,"Length of 'yi' and 'vi' (or 'sei') are not the same."
"main_4to0_K10_n100_normal",1,"target_only","misspecified",NA,NA,NA,NA,FALSE,"x1k coefficient unavailable"
"main_4to0_K10_n100_normal",1,"inmass","misspecified",NA,NA,NA,NA,FALSE,"ps_meta=2;source_count_mode=source_rows"
"main_4to0_K10_n100_normal",1,"meta_regression","misspecified",2.5299989545134,0.468481266231472,1.611792545268,3.44820536375881,TRUE,""
"main_4to0_K10_n100_normal",1,"target_only","correct",NA,NA,NA,NA,FALSE,"x1k coefficient unavailable"
"main_4to0_K10_n100_normal",1,"inmass","correct",NA,NA,NA,NA,FALSE,"ps_meta=2;source_count_mode=source_rows"
"main_4to0_K10_n100_normal",1,"meta_regression","correct",2.0392330374938,0.511917926584918,1.03589233834695,3.04257373664066,TRUE,""
"main_1to1_K30_n100_normal",1,"target_only","misspecified",2.10556253811442,0.272023875472153,1.56574001039067,2.64538506583818,TRUE,""
"main_1to1_K30_n100_normal",1,"inmass","misspecified",NA,NA,NA,NA,FALSE,"ps_meta=1;source_count_mode=all_rows_legacy"
"main_1to1_K30_n100_normal",1,"meta_regression","misspecified",NA,NA,NA,NA,FALSE,"Length of 'yi' and 'vi' (or 'sei') are not the same."
"main_1to1_K30_n100_normal",1,"target_only","correct",2.16676368141809,0.210010517580319,1.74989609876644,2.58363126406973,TRUE,""
"main_1to1_K30_n100_normal",1,"inmass","correct",NA,NA,NA,NA,FALSE,"ps_meta=1;source_count_mode=all_rows_legacy"
"main_1to1_K30_n100_normal",1,"meta_regression","correct",NA,NA,NA,NA,FALSE,"Length of 'yi' and 'vi' (or 'sei') are not the same."
"main_3to1_K30_n100_normal",1,"target_only","misspecified",1.93226538800321,0.251712953566071,1.43274922377314,2.43178155223328,TRUE,""
"main_3to1_K30_n100_normal",1,"inmass","misspecified",NA,NA,NA,NA,FALSE,"ps_meta=2;source_count_mode=source_rows"
"main_3to1_K30_n100_normal",1,"meta_regression","misspecified",NA,NA,NA,NA,FALSE,"Length of 'yi' and 'vi' (or 'sei') are not the same."
"main_3to1_K30_n100_normal",1,"target_only","correct",1.97216925447107,0.215793168930451,1.54382319961041,2.40051530933173,TRUE,""
"main_3to1_K30_n100_normal",1,"inmass","correct",NA,NA,NA,NA,FALSE,"ps_meta=2;source_count_mode=source_rows"
"main_3to1_K30_n100_normal",1,"meta_regression","correct",NA,NA,NA,NA,FALSE,"Length of 'yi' and 'vi' (or 'sei') are not the same."
"main_4to0_K30_n100_normal",1,"target_only","misspecified",NA,NA,NA,NA,FALSE,"x1k coefficient unavailable"
"main_4to0_K30_n100_normal",1,"inmass","misspecified",NA,NA,NA,NA,FALSE,"ps_meta=2;source_count_mode=source_rows"
"main_4to0_K30_n100_normal",1,"meta_regression","misspecified",2.52720663052615,0.333886649565901,1.87280082245824,3.18161243859406,TRUE,""
"main_4to0_K30_n100_normal",1,"target_only","correct",NA,NA,NA,NA,FALSE,"x1k coefficient unavailable"
"main_4to0_K30_n100_normal",1,"inmass","correct",NA,NA,NA,NA,FALSE,"ps_meta=2;source_count_mode=source_rows"
"main_4to0_K30_n100_normal",1,"meta_regression","correct",2.00791596935977,0.434598290167555,1.15611897288867,2.85971296583086,TRUE,""
"main_1to1_K05_n020_chi2",1,"target_only","misspecified",1.76812097282426,0.619228327092688,0.467170532493646,3.06907141315488,TRUE,""
"main_1to1_K05_n020_chi2",1,"inmass","misspecified",NA,NA,NA,NA,FALSE,"ps_meta=1;source_count_mode=all_rows_legacy"
"main_1to1_K05_n020_chi2",1,"meta_regression","misspecified",NA,NA,NA,NA,FALSE,"Length of 'yi' and 'vi' (or 'sei') are not the same."
"main_1to1_K05_n020_chi2",1,"target_only","correct",1.56584214557888,0.403107268979053,0.711292909915582,2.42039138124219,TRUE,""
"main_1to1_K05_n020_chi2",1,"inmass","correct",NA,NA,NA,NA,FALSE,"ps_meta=1;source_count_mode=all_rows_legacy"
"main_1to1_K05_n020_chi2",1,"meta_regression","correct",NA,NA,NA,NA,FALSE,"Length of 'yi' and 'vi' (or 'sei') are not the same."
"main_3to1_K05_n020_chi2",1,"target_only","misspecified",1.99149968510955,0.605573369865609,0.719237245375852,3.26376212484325,TRUE,""
"main_3to1_K05_n020_chi2",1,"inmass","misspecified",NA,NA,NA,NA,FALSE,"ps_meta=2;source_count_mode=source_rows"
"main_3to1_K05_n020_chi2",1,"meta_regression","misspecified",NA,NA,NA,NA,FALSE,"Length of 'yi' and 'vi' (or 'sei') are not the same."
"main_3to1_K05_n020_chi2",1,"target_only","correct",1.91204858558237,0.545382319169535,0.755889717073298,3.06820745409145,TRUE,""
"main_3to1_K05_n020_chi2",1,"inmass","correct",NA,NA,NA,NA,FALSE,"ps_meta=2;source_count_mode=source_rows"
"main_3to1_K05_n020_chi2",1,"meta_regression","correct",NA,NA,NA,NA,FALSE,"Length of 'yi' and 'vi' (or 'sei') are not the same."
"main_4to0_K05_n020_chi2",1,"target_only","misspecified",NA,NA,NA,NA,FALSE,"x1k coefficient unavailable"
"main_4to0_K05_n020_chi2",1,"inmass","misspecified",NA,NA,NA,NA,FALSE,"ps_meta=2;source_count_mode=source_rows"
"main_4to0_K05_n020_chi2",1,"meta_regression","misspecified",2.89718222222221,0.723710435546442,1.47873583331539,4.31562861112904,TRUE,""
"main_4to0_K05_n020_chi2",1,"target_only","correct",NA,NA,NA,NA,FALSE,"x1k coefficient unavailable"
"main_4to0_K05_n020_chi2",1,"inmass","correct",NA,NA,NA,NA,FALSE,"ps_meta=2;source_count_mode=source_rows"
"main_4to0_K05_n020_chi2",1,"meta_regression","correct",2.50337703798654,0.777784050926537,0.978948310420865,4.02780576555222,TRUE,""
"main_1to1_K10_n020_chi2",1,"target_only","misspecified",2.59014079713219,0.571467661973771,1.38953179080648,3.7907498034579,TRUE,""
"main_1to1_K10_n020_chi2",1,"inmass","misspecified",NA,NA,NA,NA,FALSE,"ps_meta=1;source_count_mode=all_rows_legacy"
"main_1to1_K10_n020_chi2",1,"meta_regression","misspecified",NA,NA,NA,NA,FALSE,"Length of 'yi' and 'vi' (or 'sei') are not the same."
"main_1to1_K10_n020_chi2",1,"target_only","correct",2.66445065693863,0.535725453046245,1.52876343009819,3.80013788377908,TRUE,""
"main_1to1_K10_n020_chi2",1,"inmass","correct",NA,NA,NA,NA,FALSE,"ps_meta=1;source_count_mode=all_rows_legacy"
"main_1to1_K10_n020_chi2",1,"meta_regression","correct",NA,NA,NA,NA,FALSE,"Length of 'yi' and 'vi' (or 'sei') are not the same."
"main_3to1_K10_n020_chi2",1,"target_only","misspecified",1.61442788159417,0.503227799674217,0.557185505996602,2.67167025719173,TRUE,""
"main_3to1_K10_n020_chi2",1,"inmass","misspecified",NA,NA,NA,NA,FALSE,"ps_meta=2;source_count_mode=source_rows"
"main_3to1_K10_n020_chi2",1,"meta_regression","misspecified",NA,NA,NA,NA,FALSE,"Length of 'yi' and 'vi' (or 'sei') are not the same."
"main_3to1_K10_n020_chi2",1,"target_only","correct",2.07173552487727,1.66523276697057,-1.45840024226051,5.60187129201506,TRUE,""
"main_3to1_K10_n020_chi2",1,"inmass","correct",NA,NA,NA,NA,FALSE,"ps_meta=2;source_count_mode=source_rows"
"main_3to1_K10_n020_chi2",1,"meta_regression","correct",NA,NA,NA,NA,FALSE,"Length of 'yi' and 'vi' (or 'sei') are not the same."
"main_4to0_K10_n020_chi2",1,"target_only","misspecified",NA,NA,NA,NA,FALSE,"x1k coefficient unavailable"
"main_4to0_K10_n020_chi2",1,"inmass","misspecified",NA,NA,NA,NA,FALSE,"ps_meta=2;source_count_mode=source_rows"
"main_4to0_K10_n020_chi2",1,"meta_regression","misspecified",2.5630601151216,0.479954647518656,1.62236629177242,3.50375393847079,TRUE,""
"main_4to0_K10_n020_chi2",1,"target_only","correct",NA,NA,NA,NA,FALSE,"x1k coefficient unavailable"
"main_4to0_K10_n020_chi2",1,"inmass","correct",NA,NA,NA,NA,FALSE,"ps_meta=2;source_count_mode=source_rows"
"main_4to0_K10_n020_chi2",1,"meta_regression","correct",2.07712096767002,0.535839128207311,1.02689557487635,3.12734636046369,TRUE,""
"main_1to1_K30_n020_chi2",1,"target_only","misspecified",2.53994001911458,0.575272723178724,1.33133687583892,3.74854316239024,TRUE,""
"main_1to1_K30_n020_chi2",1,"inmass","misspecified",NA,NA,NA,NA,FALSE,"ps_meta=1;source_count_mode=all_rows_legacy"
"main_1to1_K30_n020_chi2",1,"meta_regression","misspecified",NA,NA,NA,NA,FALSE,"Length of 'yi' and 'vi' (or 'sei') are not the same."
"main_1to1_K30_n020_chi2",1,"target_only","correct",1.93527730254449,0.480123947239634,0.917460002508168,2.95309460258082,TRUE,""
"main_1to1_K30_n020_chi2",1,"inmass","correct",NA,NA,NA,NA,FALSE,"ps_meta=1;source_count_mode=all_rows_legacy"
"main_1to1_K30_n020_chi2",1,"meta_regression","correct",NA,NA,NA,NA,FALSE,"Length of 'yi' and 'vi' (or 'sei') are not the same."
"main_3to1_K30_n020_chi2",1,"target_only","misspecified",2.85669211120146,0.558455138418478,1.68342140241222,4.0299628199907,TRUE,""
"main_3to1_K30_n020_chi2",1,"inmass","misspecified",NA,NA,NA,NA,FALSE,"ps_meta=2;source_count_mode=source_rows"
"main_3to1_K30_n020_chi2",1,"meta_regression","misspecified",NA,NA,NA,NA,FALSE,"Length of 'yi' and 'vi' (or 'sei') are not the same."
"main_3to1_K30_n020_chi2",1,"target_only","correct",3.15690191541517,0.548572217918318,1.99398076364457,4.31982306718577,TRUE,""
"main_3to1_K30_n020_chi2",1,"inmass","correct",NA,NA,NA,NA,FALSE,"ps_meta=2;source_count_mode=source_rows"
"main_3to1_K30_n020_chi2",1,"meta_regression","correct",NA,NA,NA,NA,FALSE,"Length of 'yi' and 'vi' (or 'sei') are not the same."
"main_4to0_K30_n020_chi2",1,"target_only","misspecified",NA,NA,NA,NA,FALSE,"x1k coefficient unavailable"
"main_4to0_K30_n020_chi2",1,"inmass","misspecified",NA,NA,NA,NA,FALSE,"ps_meta=2;source_count_mode=source_rows"
"main_4to0_K30_n020_chi2",1,"meta_regression","misspecified",2.5050350531614,0.274206943387345,1.96759931981139,3.04247078651141,TRUE,""
"main_4to0_K30_n020_chi2",1,"target_only","correct",NA,NA,NA,NA,FALSE,"x1k coefficient unavailable"
"main_4to0_K30_n020_chi2",1,"inmass","correct",NA,NA,NA,NA,FALSE,"ps_meta=2;source_count_mode=source_rows"
"main_4to0_K30_n020_chi2",1,"meta_regression","correct",1.84544481610029,0.233714599895689,1.38737261764355,2.30351701455703,TRUE,""
"main_1to1_K05_n040_chi2",1,"target_only","misspecified",2.82089501518974,0.469076135397777,1.8713000242601,3.77049000611938,TRUE,""
"main_1to1_K05_n040_chi2",1,"inmass","misspecified",NA,NA,NA,NA,FALSE,"ps_meta=1;source_count_mode=all_rows_legacy"
"main_1to1_K05_n040_chi2",1,"meta_regression","misspecified",NA,NA,NA,NA,FALSE,"Length of 'yi' and 'vi' (or 'sei') are not the same."
"main_1to1_K05_n040_chi2",1,"target_only","correct",2.39012088433991,0.322449282339555,1.73616342920661,3.04407833947321,TRUE,""
"main_1to1_K05_n040_chi2",1,"inmass","correct",NA,NA,NA,NA,FALSE,"ps_meta=1;source_count_mode=all_rows_legacy"
"main_1to1_K05_n040_chi2",1,"meta_regression","correct",NA,NA,NA,NA,FALSE,"Length of 'yi' and 'vi' (or 'sei') are not the same."
"main_3to1_K05_n040_chi2",1,"target_only","misspecified",1.55185884398824,0.328113385750087,0.887628020774364,2.21608966720211,TRUE,""
"main_3to1_K05_n040_chi2",1,"inmass","misspecified",NA,NA,NA,NA,FALSE,"ps_meta=2;source_count_mode=source_rows"
"main_3to1_K05_n040_chi2",1,"meta_regression","misspecified",NA,NA,NA,NA,FALSE,"Length of 'yi' and 'vi' (or 'sei') are not the same."
"main_3to1_K05_n040_chi2",1,"target_only","correct",1.74862987761081,0.407242407613242,0.922703993785557,2.57455576143606,TRUE,""
"main_3to1_K05_n040_chi2",1,"inmass","correct",NA,NA,NA,NA,FALSE,"ps_meta=2;source_count_mode=source_rows"
"main_3to1_K05_n040_chi2",1,"meta_regression","correct",NA,NA,NA,NA,FALSE,"Length of 'yi' and 'vi' (or 'sei') are not the same."
"main_4to0_K05_n040_chi2",1,"target_only","misspecified",NA,NA,NA,NA,FALSE,"x1k coefficient unavailable"
"main_4to0_K05_n040_chi2",1,"inmass","misspecified",NA,NA,NA,NA,FALSE,"ps_meta=2;source_count_mode=source_rows"
"main_4to0_K05_n040_chi2",1,"meta_regression","misspecified",2.56380452735679,0.79293032229863,1.00968965340174,4.11791940131184,TRUE,""
"main_4to0_K05_n040_chi2",1,"target_only","correct",NA,NA,NA,NA,FALSE,"x1k coefficient unavailable"
"main_4to0_K05_n040_chi2",1,"inmass","correct",NA,NA,NA,NA,FALSE,"ps_meta=2;source_count_mode=source_rows"
"main_4to0_K05_n040_chi2",1,"meta_regression","correct",2.04573990551592,0.933378985534784,0.216350709941215,3.87512910109063,TRUE,""
"main_1to1_K10_n040_chi2",1,"target_only","misspecified",2.08108130089727,0.375433107985975,1.32105670815113,2.84110589364341,TRUE,""
"main_1to1_K10_n040_chi2",1,"inmass","misspecified",NA,NA,NA,NA,FALSE,"ps_meta=1;source_count_mode=all_rows_legacy"
"main_1to1_K10_n040_chi2",1,"meta_regression","misspecified",NA,NA,NA,NA,FALSE,"Length of 'yi' and 'vi' (or 'sei') are not the same."
"main_1to1_K10_n040_chi2",1,"target_only","correct",2.11253605078332,0.292676884367276,1.5189598173724,2.70611228419425,TRUE,""
"main_1to1_K10_n040_chi2",1,"inmass","correct",NA,NA,NA,NA,FALSE,"ps_meta=1;source_count_mode=all_rows_legacy"
"main_1to1_K10_n040_chi2",1,"meta_regression","correct",NA,NA,NA,NA,FALSE,"Length of 'yi' and 'vi' (or 'sei') are not the same."
"main_3to1_K10_n040_chi2",1,"target_only","misspecified",1.01748977976501,0.467924470797551,0.0702262119308509,1.96475334759917,TRUE,""
"main_3to1_K10_n040_chi2",1,"inmass","misspecified",NA,NA,NA,NA,FALSE,"ps_meta=2;source_count_mode=source_rows"
"main_3to1_K10_n040_chi2",1,"meta_regression","misspecified",NA,NA,NA,NA,FALSE,"Length of 'yi' and 'vi' (or 'sei') are not the same."
"main_3to1_K10_n040_chi2",1,"target_only","correct",1.54115036103229,0.459926428219901,0.608376331067139,2.47392439099743,TRUE,""
"main_3to1_K10_n040_chi2",1,"inmass","correct",NA,NA,NA,NA,FALSE,"ps_meta=2;source_count_mode=source_rows"
"main_3to1_K10_n040_chi2",1,"meta_regression","correct",NA,NA,NA,NA,FALSE,"Length of 'yi' and 'vi' (or 'sei') are not the same."
"main_4to0_K10_n040_chi2",1,"target_only","misspecified",NA,NA,NA,NA,FALSE,"x1k coefficient unavailable"
"main_4to0_K10_n040_chi2",1,"inmass","misspecified",NA,NA,NA,NA,FALSE,"ps_meta=2;source_count_mode=source_rows"
"main_4to0_K10_n040_chi2",1,"meta_regression","misspecified",2.6364216619464,0.502673306153325,1.65120008589621,3.6216432379966,TRUE,""
"main_4to0_K10_n040_chi2",1,"target_only","correct",NA,NA,NA,NA,FALSE,"x1k coefficient unavailable"
"main_4to0_K10_n040_chi2",1,"inmass","correct",NA,NA,NA,NA,FALSE,"ps_meta=2;source_count_mode=source_rows"
"main_4to0_K10_n040_chi2",1,"meta_regression","correct",2.00245708817694,0.637115201659815,0.753734238920724,3.25117993743315,TRUE,""
"main_1to1_K30_n040_chi2",1,"target_only","misspecified",2.32909985130041,0.506113617281487,1.30452639819939,3.35367330440143,TRUE,""
"main_1to1_K30_n040_chi2",1,"inmass","misspecified",NA,NA,NA,NA,FALSE,"ps_meta=1;source_count_mode=all_rows_legacy"
"main_1to1_K30_n040_chi2",1,"meta_regression","misspecified",NA,NA,NA,NA,FALSE,"Length of 'yi' and 'vi' (or 'sei') are not the same."
"main_1to1_K30_n040_chi2",1,"target_only","correct",2.05256114354894,0.275965471526096,1.49287722626912,2.61224506082875,TRUE,""
"main_1to1_K30_n040_chi2",1,"inmass","correct",NA,NA,NA,NA,FALSE,"ps_meta=1;source_count_mode=all_rows_legacy"
"main_1to1_K30_n040_chi2",1,"meta_regression","correct",NA,NA,NA,NA,FALSE,"Length of 'yi' and 'vi' (or 'sei') are not the same."
"main_3to1_K30_n040_chi2",1,"target_only","misspecified",2.06284901559347,0.464641822609153,1.12223082159408,3.00346720959286,TRUE,""
"main_3to1_K30_n040_chi2",1,"inmass","misspecified",NA,NA,NA,NA,FALSE,"ps_meta=2;source_count_mode=source_rows"
"main_3to1_K30_n040_chi2",1,"meta_regression","misspecified",NA,NA,NA,NA,FALSE,"Length of 'yi' and 'vi' (or 'sei') are not the same."
"main_3to1_K30_n040_chi2",1,"target_only","correct",1.86956494323095,0.380610437625673,1.09765119797177,2.64147868849012,TRUE,""
"main_3to1_K30_n040_chi2",1,"inmass","correct",NA,NA,NA,NA,FALSE,"ps_meta=2;source_count_mode=source_rows"
"main_3to1_K30_n040_chi2",1,"meta_regression","correct",NA,NA,NA,NA,FALSE,"Length of 'yi' and 'vi' (or 'sei') are not the same."
"main_4to0_K30_n040_chi2",1,"target_only","misspecified",NA,NA,NA,NA,FALSE,"x1k coefficient unavailable"
"main_4to0_K30_n040_chi2",1,"inmass","misspecified",NA,NA,NA,NA,FALSE,"ps_meta=2;source_count_mode=source_rows"
"main_4to0_K30_n040_chi2",1,"meta_regression","misspecified",2.52777660755048,0.259599124117248,2.01897167386253,3.03658154123843,TRUE,""
"main_4to0_K30_n040_chi2",1,"target_only","correct",NA,NA,NA,NA,FALSE,"x1k coefficient unavailable"
"main_4to0_K30_n040_chi2",1,"inmass","correct",NA,NA,NA,NA,FALSE,"ps_meta=2;source_count_mode=source_rows"
"main_4to0_K30_n040_chi2",1,"meta_regression","correct",1.96316041193875,0.32934208105789,1.31766179447182,2.60865902940569,TRUE,""
"main_1to1_K05_n100_chi2",1,"target_only","misspecified",1.95567056290432,0.229248636340517,1.50073410509611,2.41060702071253,TRUE,""
"main_1to1_K05_n100_chi2",1,"inmass","misspecified",NA,NA,NA,NA,FALSE,"ps_meta=1;source_count_mode=all_rows_legacy"
"main_1to1_K05_n100_chi2",1,"meta_regression","misspecified",NA,NA,NA,NA,FALSE,"Length of 'yi' and 'vi' (or 'sei') are not the same."
"main_1to1_K05_n100_chi2",1,"target_only","correct",2.03915007260214,0.190948635609828,1.66012002661002,2.41818011859427,TRUE,""
"main_1to1_K05_n100_chi2",1,"inmass","correct",NA,NA,NA,NA,FALSE,"ps_meta=1;source_count_mode=all_rows_legacy"
"main_1to1_K05_n100_chi2",1,"meta_regression","correct",NA,NA,NA,NA,FALSE,"Length of 'yi' and 'vi' (or 'sei') are not the same."
"main_3to1_K05_n100_chi2",1,"target_only","misspecified",1.64685183320508,0.300506999749286,1.05050547235063,2.24319819405953,TRUE,""
"main_3to1_K05_n100_chi2",1,"inmass","misspecified",NA,NA,NA,NA,FALSE,"ps_meta=2;source_count_mode=source_rows"
"main_3to1_K05_n100_chi2",1,"meta_regression","misspecified",NA,NA,NA,NA,FALSE,"Length of 'yi' and 'vi' (or 'sei') are not the same."
"main_3to1_K05_n100_chi2",1,"target_only","correct",1.61719731481125,0.229231441615566,1.16217649949668,2.07221813012583,TRUE,""
"main_3to1_K05_n100_chi2",1,"inmass","correct",NA,NA,NA,NA,FALSE,"ps_meta=2;source_count_mode=source_rows"
"main_3to1_K05_n100_chi2",1,"meta_regression","correct",NA,NA,NA,NA,FALSE,"Length of 'yi' and 'vi' (or 'sei') are not the same."
"main_4to0_K05_n100_chi2",1,"target_only","misspecified",NA,NA,NA,NA,FALSE,"x1k coefficient unavailable"
"main_4to0_K05_n100_chi2",1,"inmass","misspecified",NA,NA,NA,NA,FALSE,"ps_meta=2;source_count_mode=source_rows"
"main_4to0_K05_n100_chi2",1,"meta_regression","misspecified",2.55282651382368,0.772172340490214,1.03939653660486,4.0662564910425,TRUE,""
"main_4to0_K05_n100_chi2",1,"target_only","correct",NA,NA,NA,NA,FALSE,"x1k coefficient unavailable"
"main_4to0_K05_n100_chi2",1,"inmass","correct",NA,NA,NA,NA,FALSE,"ps_meta=2;source_count_mode=source_rows"
"main_4to0_K05_n100_chi2",1,"meta_regression","correct",1.94092708247304,0.923584916173011,0.13073391010949,3.75112025483658,TRUE,""
"main_1to1_K10_n100_chi2",1,"target_only","misspecified",2.18707957535848,0.266244936324952,1.65872516429393,2.71543398642303,TRUE,""
"main_1to1_K10_n100_chi2",1,"inmass","misspecified",NA,NA,NA,NA,FALSE,"ps_meta=1;source_count_mode=all_rows_legacy"
"main_1to1_K10_n100_chi2",1,"meta_regression","misspecified",NA,NA,NA,NA,FALSE,"Length of 'yi' and 'vi' (or 'sei') are not the same."
"main_1to1_K10_n100_chi2",1,"target_only","correct",2.04321895697942,0.191389951084906,1.66331290669284,2.42312500726601,TRUE,""
"main_1to1_K10_n100_chi2",1,"inmass","correct",NA,NA,NA,NA,FALSE,"ps_meta=1;source_count_mode=all_rows_legacy"
"main_1to1_K10_n100_chi2",1,"meta_regression","correct",NA,NA,NA,NA,FALSE,"Length of 'yi' and 'vi' (or 'sei') are not the same."
"main_3to1_K10_n100_chi2",1,"target_only","misspecified",1.96562446135049,0.26671373078212,1.43633974294284,2.49490917975815,TRUE,""
"main_3to1_K10_n100_chi2",1,"inmass","misspecified",NA,NA,NA,NA,FALSE,"ps_meta=2;source_count_mode=source_rows"
"main_3to1_K10_n100_chi2",1,"meta_regression","misspecified",NA,NA,NA,NA,FALSE,"Length of 'yi' and 'vi' (or 'sei') are not the same."
"main_3to1_K10_n100_chi2",1,"target_only","correct",2.0026687632222,0.233544143201955,1.53908730291837,2.46625022352604,TRUE,""
"main_3to1_K10_n100_chi2",1,"inmass","correct",NA,NA,NA,NA,FALSE,"ps_meta=2;source_count_mode=source_rows"
"main_3to1_K10_n100_chi2",1,"meta_regression","correct",NA,NA,NA,NA,FALSE,"Length of 'yi' and 'vi' (or 'sei') are not the same."
"main_4to0_K10_n100_chi2",1,"target_only","misspecified",NA,NA,NA,NA,FALSE,"x1k coefficient unavailable"
"main_4to0_K10_n100_chi2",1,"inmass","misspecified",NA,NA,NA,NA,FALSE,"ps_meta=2;source_count_mode=source_rows"
"main_4to0_K10_n100_chi2",1,"meta_regression","misspecified",2.55311461511185,0.457087884087563,1.65723882453061,3.44899040569309,TRUE,""
"main_4to0_K10_n100_chi2",1,"target_only","correct",NA,NA,NA,NA,FALSE,"x1k coefficient unavailable"
"main_4to0_K10_n100_chi2",1,"inmass","correct",NA,NA,NA,NA,FALSE,"ps_meta=2;source_count_mode=source_rows"
"main_4to0_K10_n100_chi2",1,"meta_regression","correct",2.00701290612669,0.531809148680041,0.964686128064899,3.04933968418847,TRUE,""
"main_1to1_K30_n100_chi2",1,"target_only","misspecified",2.05721292318959,0.229248153230094,1.60227742409829,2.51214842228089,TRUE,""
"main_1to1_K30_n100_chi2",1,"inmass","misspecified",NA,NA,NA,NA,FALSE,"ps_meta=1;source_count_mode=all_rows_legacy"
"main_1to1_K30_n100_chi2",1,"meta_regression","misspecified",NA,NA,NA,NA,FALSE,"Length of 'yi' and 'vi' (or 'sei') are not the same."
"main_1to1_K30_n100_chi2",1,"target_only","correct",1.92938788470105,0.1937300067887,1.54483686055434,2.31393890884776,TRUE,""
"main_1to1_K30_n100_chi2",1,"inmass","correct",NA,NA,NA,NA,FALSE,"ps_meta=1;source_count_mode=all_rows_legacy"
"main_1to1_K30_n100_chi2",1,"meta_regression","correct",NA,NA,NA,NA,FALSE,"Length of 'yi' and 'vi' (or 'sei') are not the same."
"main_3to1_K30_n100_chi2",1,"target_only","misspecified",1.93148678464675,0.265058954059798,1.40548591678903,2.45748765250448,TRUE,""
"main_3to1_K30_n100_chi2",1,"inmass","misspecified",NA,NA,NA,NA,FALSE,"ps_meta=2;source_count_mode=source_rows"
"main_3to1_K30_n100_chi2",1,"meta_regression","misspecified",NA,NA,NA,NA,FALSE,"Length of 'yi' and 'vi' (or 'sei') are not the same."
"main_3to1_K30_n100_chi2",1,"target_only","correct",1.76389788086472,0.195652738578787,1.37553026427942,2.15226549745002,TRUE,""
"main_3to1_K30_n100_chi2",1,"inmass","correct",NA,NA,NA,NA,FALSE,"ps_meta=2;source_count_mode=source_rows"
"main_3to1_K30_n100_chi2",1,"meta_regression","correct",NA,NA,NA,NA,FALSE,"Length of 'yi' and 'vi' (or 'sei') are not the same."
"main_4to0_K30_n100_chi2",1,"target_only","misspecified",NA,NA,NA,NA,FALSE,"x1k coefficient unavailable"
"main_4to0_K30_n100_chi2",1,"inmass","misspecified",NA,NA,NA,NA,FALSE,"ps_meta=2;source_count_mode=source_rows"
"main_4to0_K30_n100_chi2",1,"meta_regression","misspecified",2.53727379783364,0.274617079082454,1.99903421329244,3.07551338237484,TRUE,""
"main_4to0_K30_n100_chi2",1,"target_only","correct",NA,NA,NA,NA,FALSE,"x1k coefficient unavailable"
"main_4to0_K30_n100_chi2",1,"inmass","correct",NA,NA,NA,NA,FALSE,"ps_meta=2;source_count_mode=source_rows"
"main_4to0_K30_n100_chi2",1,"meta_regression","correct",2.01970235046724,0.357051553572376,1.31989416484131,2.71951053609317,TRUE,""
