"scenario_id","estimator","formula_id","n_replicates","n_converged","bias","mse","power","mean_estimate","mean_se","allocation","K","n","covariate_distribution"
"main_1to1_K05_n020_normal","target_only","misspecified",1,1,-0.326433240738025,0.106558660658729,1,1.67356675926198,0.628421021278217,"1to1",5,20,"normal"
"main_1to1_K05_n020_normal","inmass","misspecified",1,0,NA,NA,NA,NA,NA,"1to1",5,20,"normal"
"main_1to1_K05_n020_normal","meta_regression","misspecified",1,0,NA,NA,NA,NA,NA,"1to1",5,20,"normal"
"main_1to1_K05_n020_normal","target_only","correct",1,1,0.369392482033915,0.136450805783177,1,2.36939248203392,0.520386590900902,"1to1",5,20,"normal"
"main_1to1_K05_n020_normal","inmass","correct",1,0,NA,NA,NA,NA,NA,"1to1",5,20,"normal"
"main_1to1_K05_n020_normal","meta_regression","correct",1,0,NA,NA,NA,NA,NA,"1to1",5,20,"normal"
"main_3to1_K05_n020_normal","target_only","misspecified",1,1,-0.11995569430327,0.0143893685957795,1,1.88004430569673,0.692246816811598,"3to1",5,20,"normal"
"main_3to1_K05_n020_normal","inmass","misspecified",1,0,NA,NA,NA,NA,NA,"3to1",5,20,"normal"
"main_3to1_K05_n020_normal","meta_regression","misspecified",1,0,NA,NA,NA,NA,NA,"3to1",5,20,"normal"
"main_3to1_K05_n020_normal","target_only","correct",1,1,-0.268547006811128,0.0721174948672162,1,1.73145299318887,0.717105390129089,"3to1",5,20,"normal"
"main_3to1_K05_n020_normal","inmass","correct",1,0,NA,NA,NA,NA,NA,"3to1",5,20,"normal"
"main_3to1_K05_n020_normal","meta_regression","correct",1,0,NA,NA,NA,NA,NA,"3to1",5,20,"normal"
"main_4to0_K05_n020_normal","target_only","misspecified",1,0,NA,NA,NA,NA,NA,"4to0",5,20,"normal"
"main_4to0_K05_n020_normal","inmass","misspecified",1,0,NA,NA,NA,NA,NA,"4to0",5,20,"normal"
"main_4to0_K05_n020_normal","meta_regression","misspecified",1,1,0.587865808834904,0.345586209197116,1,2.5878658088349,0.708379715433458,"4to0",5,20,"normal"
"main_4to0_K05_n020_normal","target_only","correct",1,0,NA,NA,NA,NA,NA,"4to0",5,20,"normal"
"main_4to0_K05_n020_normal","inmass","correct",1,0,NA,NA,NA,NA,NA,"4to0",5,20,"normal"
"main_4to0_K05_n020_normal","meta_regression","correct",1,1,-0.0490301345588786,0.00240395409486174,1,1.95096986544112,0.68705733673804,"4to0",5,20,"normal"
"main_1to1_K10_n020_normal","target_only","misspecified",1,1,-0.223489205738941,0.0499474250818229,1,1.77651079426106,0.597889374128488,"1to1",10,20,"normal"
"main_1to1_K10_n020_normal","inmass","misspecified",1,0,NA,NA,NA,NA,NA,"1to1",10,20,"normal"
"main_1to1_K10_n020_normal","meta_regression","misspecified",1,0,NA,NA,NA,NA,NA,"1to1",10,20,"normal"
"main_1to1_K10_n020_normal","target_only","correct",1,1,-0.0499612859289584,0.00249613009167514,1,1.95003871407104,0.591313040943558,"1to1",10,20,"normal"
"main_1to1_K10_n020_normal","inmass","correct",1,0,NA,NA,NA,NA,NA,"1to1",10,20,"normal"
"main_1to1_K10_n020_normal","meta_regression","correct",1,0,NA,NA,NA,NA,NA,"1to1",10,20,"normal"
"main_3to1_K10_n020_normal","target_only","misspecified",1,1,-0.108308470632769,0.0117307248108094,1,1.89169152936723,0.631839497482473,"3to1",10,20,"normal"
"main_3to1_K10_n020_normal","inmass","misspecified",1,0,NA,NA,NA,NA,NA,"3to1",10,20,"normal"
"main_3to1_K10_n020_normal","meta_regression","misspecified",1,0,NA,NA,NA,NA,NA,"3to1",10,20,"normal"
"main_3to1_K10_n020_normal","target_only","correct",1,1,-0.745617477435137,0.555945422656736,0,1.25438252256486,0.638080774123384,"3to1",10,20,"normal"
"main_3to1_K10_n020_normal","inmass","correct",1,0,NA,NA,NA,NA,NA,"3to1",10,20,"normal"
"main_3to1_K10_n020_normal","meta_regression","correct",1,0,NA,NA,NA,NA,NA,"3to1",10,20,"normal"
"main_4to0_K10_n020_normal","target_only","misspecified",1,0,NA,NA,NA,NA,NA,"4to0",10,20,"normal"
"main_4to0_K10_n020_normal","inmass","misspecified",1,0,NA,NA,NA,NA,NA,"4to0",10,20,"normal"
"main_4to0_K10_n020_normal","meta_regression","misspecified",1,1,0.635969673518021,0.404457425634618,1,2.63596967351802,0.464852550673678,"4to0",10,20,"normal"
"main_4to0_K10_n020_normal","target_only","correct",1,0,NA,NA,NA,NA,NA,"4to0",10,20,"normal"
"main_4to0_K10_n020_normal","inmass","correct",1,0,NA,NA,NA,NA,NA,"4to0",10,20,"normal"
"main_4to0_K10_n020_normal","meta_regression","correct",1,1,0.280858585562783,0.0788815450843271,1,2.28085858556278,0.589948649712133,"4to0",10,20,"normal"
"main_1to1_K30_n020_normal","target_only","misspecified",1,1,-0.686564028694981,0.471370165497883,1,1.31343597130502,0.514254806925202,"1to1",30,20,"normal"
"main_1to1_K30_n020_normal","inmass","misspecified",1,0,NA,NA,NA,NA,NA,"1to1",30,20,"normal"
"main_1to1_K30_n020_normal","meta_regression","misspecified",1,0,NA,NA,NA,NA,NA,"1to1",30,20,"normal"
"main_1to1_K30_n020_normal","target_only","correct",1,1,-0.0136696783803165,0.000186860107021293,1,1.98633032161968,0.324453122628436,"1to1",30,20,"normal"
"main_1to1_K30_n020_normal","inmass","correct",1,0,NA,NA,NA,NA,NA,"1to1",30,20,"normal"
"main_1to1_K30_n020_normal","meta_regression","correct",1,0,NA,NA,NA,NA,NA,"1to1",30,20,"normal"
"main_3to1_K30_n020_normal","target_only","misspecified",1,1,-0.105223229548574,0.0110719280366318,1,1.89477677045143,0.644797911978429,"3to1",30,20,"normal"
"main_3to1_K30_n020_normal","inmass","misspecified",1,0,NA,NA,NA,NA,NA,"3to1",30,20,"normal"
"main_3to1_K30_n020_normal","meta_regression","misspecified",1,0,NA,NA,NA,NA,NA,"3to1",30,20,"normal"
"main_3to1_K30_n020_normal","target_only","correct",1,1,0.652944965908668,0.426337128505472,1,2.65294496590867,0.625851563511929,"3to1",30,20,"normal"
"main_3to1_K30_n020_normal","inmass","correct",1,0,NA,NA,NA,NA,NA,"3to1",30,20,"normal"
"main_3to1_K30_n020_normal","meta_regression","correct",1,0,NA,NA,NA,NA,NA,"3to1",30,20,"normal"
"main_4to0_K30_n020_normal","target_only","misspecified",1,0,NA,NA,NA,NA,NA,"4to0",30,20,"normal"
"main_4to0_K30_n020_normal","inmass","misspecified",1,0,NA,NA,NA,NA,NA,"4to0",30,20,"normal"
"main_4to0_K30_n020_normal","meta_regression","misspecified",1,1,0.614817515344075,0.378000577173862,1,2.61481751534407,0.306676973535002,"4to0",30,20,"normal"
"main_4to0_K30_n020_normal","target_only","correct",1,0,NA,NA,NA,NA,NA,"4to0",30,20,"normal"
"main_4to0_K30_n020_normal","inmass","correct",1,0,NA,NA,NA,NA,NA,"4to0",30,20,"normal"
"main_4to0_K30_n020_normal","meta_regression","correct",1,1,0.0842521765007191,0.00709842924510833,1,2.08425217650072,0.394833729803239,"4to0",30,20,"normal"
"main_1to1_K05_n040_normal","target_only","misspecified",1,1,0.103195964723342,0.0106494071351813,1,2.10319596472334,0.413198616433474,"1to1",5,40,"normal"
"main_1to1_K05_n040_normal","inmass","misspecified",1,0,NA,NA,NA,NA,NA,"1to1",5,40,"normal"
"main_1to1_K05_n040_normal","meta_regression","misspecified",1,0,NA,NA,NA,NA,NA,"1to1",5,40,"normal"
"main_1to1_K05_n040_normal","target_only","correct",1,1,0.242935310397504,0.0590175650379317,1,2.2429353103975,0.285707722286516,"1to1",5,40,"normal"
"main_1to1_K05_n040_normal","inmass","correct",1,0,NA,NA,NA,NA,NA,"1to1",5,40,"normal"
"main_1to1_K05_n040_normal","meta_regression","correct",1,0,NA,NA,NA,NA,NA,"1to1",5,40,"normal"
"main_3to1_K05_n040_normal","target_only","misspecified",1,1,-0.000621726367799447,3.86543676417093e-07,1,1.9993782736322,0.540267908772307,"3to1",5,40,"normal"
"main_3to1_K05_n040_normal","inmass","misspecified",1,0,NA,NA,NA,NA,NA,"3to1",5,40,"normal"
"main_3to1_K05_n040_normal","meta_regression","misspecified",1,0,NA,NA,NA,NA,NA,"3to1",5,40,"normal"
"main_3to1_K05_n040_normal","target_only","correct",1,1,0.0343490563515987,0.0011798576722453,1,2.0343490563516,0.494814286086712,"3to1",5,40,"normal"
"main_3to1_K05_n040_normal","inmass","correct",1,0,NA,NA,NA,NA,NA,"3to1",5,40,"normal"
"main_3to1_K05_n040_normal","meta_regression","correct",1,0,NA,NA,NA,NA,NA,"3to1",5,40,"normal"
"main_4to0_K05_n040_normal","target_only","misspecified",1,0,NA,NA,NA,NA,NA,"4to0",5,40,"normal"
"main_4to0_K05_n040_normal","inmass","misspecified",1,0,NA,NA,NA,NA,NA,"4to0",5,40,"normal"
"main_4to0_K05_n040_normal","meta_regression","misspecified",1,1,0.594006340324127,0.352843532345263,1,2.59400634032413,0.807262436327328,"4to0",5,40,"normal"
"main_4to0_K05_n040_normal","target_only","correct",1,0,NA,NA,NA,NA,NA,"4to0",5,40,"normal"
"main_4to0_K05_n040_normal","inmass","correct",1,0,NA,NA,NA,NA,NA,"4to0",5,40,"normal"
"main_4to0_K05_n040_normal","meta_regression","correct",1,1,0.0264318214979493,0.000698641187699456,1,2.02643182149795,0.673333168969565,"4to0",5,40,"normal"
"main_1to1_K10_n040_normal","target_only","misspecified",1,1,0.642907432911749,0.413329967293175,1,2.64290743291175,0.396465167595837,"1to1",10,40,"normal"
"main_1to1_K10_n040_normal","inmass","misspecified",1,0,NA,NA,NA,NA,NA,"1to1",10,40,"normal"
"main_1to1_K10_n040_normal","meta_regression","misspecified",1,0,NA,NA,NA,NA,NA,"1to1",10,40,"normal"
"main_1to1_K10_n040_normal","target_only","correct",1,1,0.796666655989623,0.634677760765689,1,2.79666665598962,0.322601860096922,"1to1",10,40,"normal"
"main_1to1_K10_n040_normal","inmass","correct",1,0,NA,NA,NA,NA,NA,"1to1",10,40,"normal"
"main_1to1_K10_n040_normal","meta_regression","correct",1,0,NA,NA,NA,NA,NA,"1to1",10,40,"normal"
"main_3to1_K10_n040_normal","target_only","misspecified",1,1,0.381357213562295,0.145433324335998,1,2.3813572135623,0.426522852427434,"3to1",10,40,"normal"
"main_3to1_K10_n040_normal","inmass","misspecified",1,0,NA,NA,NA,NA,NA,"3to1",10,40,"normal"
"main_3to1_K10_n040_normal","meta_regression","misspecified",1,0,NA,NA,NA,NA,NA,"3to1",10,40,"normal"
"main_3to1_K10_n040_normal","target_only","correct",1,1,0.494713964620453,0.244741906790487,1,2.49471396462045,0.376168707800355,"3to1",10,40,"normal"
"main_3to1_K10_n040_normal","inmass","correct",1,0,NA,NA,NA,NA,NA,"3to1",10,40,"normal"
"main_3to1_K10_n040_normal","meta_regression","correct",1,0,NA,NA,NA,NA,NA,"3to1",10,40,"normal"
"main_4to0_K10_n040_normal","target_only","misspecified",1,0,NA,NA,NA,NA,NA,"4to0",10,40,"normal"
"main_4to0_K10_n040_normal","inmass","misspecified",1,0,NA,NA,NA,NA,NA,"4to0",10,40,"normal"
"main_4to0_K10_n040_normal","meta_regression","misspecified",1,1,0.548099404400873,0.300412957104592,1,2.54809940440087,0.496985693647567,"4to0",10,40,"normal"
"main_4to0_K10_n040_normal","target_only","correct",1,0,NA,NA,NA,NA,NA,"4to0",10,40,"normal"
"main_4to0_K10_n040_normal","inmass","correct",1,0,NA,NA,NA,NA,NA,"4to0",10,40,"normal"
"main_4to0_K10_n040_normal","meta_regression","correct",1,1,-0.125226639082945,0.0156817111360102,1,1.87477336091705,0.625318335017302,"4to0",10,40,"normal"
"main_1to1_K30_n040_normal","target_only","misspecified",1,1,-0.39727537563611,0.157827724086812,1,1.60272462436389,0.504095473593235,"1to1",30,40,"normal"
"main_1to1_K30_n040_normal","inmass","misspecified",1,0,NA,NA,NA,NA,NA,"1to1",30,40,"normal"
"main_1to1_K30_n040_normal","meta_regression","misspecified",1,0,NA,NA,NA,NA,NA,"1to1",30,40,"normal"
"main_1to1_K30_n040_normal","target_only","correct",1,1,-0.0611452751249937,0.00373874467011117,1,1.93885472487501,0.397974194850001,"1to1",30,40,"normal"
"main_1to1_K30_n040_normal","inmass","correct",1,0,NA,NA,NA,NA,NA,"1to1",30,40,"normal"
"main_1to1_K30_n040_normal","meta_regression","correct",1,0,NA,NA,NA,NA,NA,"1to1",30,40,"normal"
"main_3to1_K30_n040_normal","target_only","misspecified",1,1,-0.342344822296357,0.117199977353124,1,1.65765517770364,0.427324129019197,"3to1",30,40,"normal"
"main_3to1_K30_n040_normal","inmass","misspecified",1,0,NA,NA,NA,NA,NA,"3to1",30,40,"normal"
"main_3to1_K30_n040_normal","meta_regression","misspecified",1,0,NA,NA,NA,NA,NA,"3to1",30,40,"normal"
"main_3to1_K30_n040_normal","target_only","correct",1,1,-0.381918504858358,0.145861744353243,1,1.61808149514164,0.396857017396522,"3to1",30,40,"normal"
"main_3to1_K30_n040_normal","inmass","correct",1,0,NA,NA,NA,NA,NA,"3to1",30,40,"normal"
"main_3to1_K30_n040_normal","meta_regression","correct",1,0,NA,NA,NA,NA,NA,"3to1",30,40,"normal"
"main_4to0_K30_n040_normal","target_only","misspecified",1,0,NA,NA,NA,NA,NA,"4to0",30,40,"normal"
"main_4to0_K30_n040_normal","inmass","misspecified",1,0,NA,NA,NA,NA,NA,"4to0",30,40,"normal"
"main_4to0_K30_n040_normal","meta_regression","misspecified",1,1,0.522423753900435,0.272926578639422,1,2.52242375390043,0.297539506413005,"4to0",30,40,"normal"
"main_4to0_K30_n040_normal","target_only","correct",1,0,NA,NA,NA,NA,NA,"4to0",30,40,"normal"
"main_4to0_K30_n040_normal","inmass","correct",1,0,NA,NA,NA,NA,NA,"4to0",30,40,"normal"
"main_4to0_K30_n040_normal","meta_regression","correct",1,1,0.00630190969549815,3.97140658102136e-05,1,2.0063019096955,0.384031293999138,"4to0",30,40,"normal"
"main_1to1_K05_n100_normal","target_only","misspecified",1,1,0.368174790409515,0.13555267629309,1,2.36817479040951,0.257392999828672,"1to1",5,100,"normal"
"main_1to1_K05_n100_normal","inmass","misspecified",1,0,NA,NA,NA,NA,NA,"1to1",5,100,"normal"
"main_1to1_K05_n100_normal","meta_regression","misspecified",1,0,NA,NA,NA,NA,NA,"1to1",5,100,"normal"
"main_1to1_K05_n100_normal","target_only","correct",1,1,0.327615787881339,0.107332104469111,1,2.32761578788134,0.210140734053371,"1to1",5,100,"normal"
"main_1to1_K05_n100_normal","inmass","correct",1,0,NA,NA,NA,NA,NA,"1to1",5,100,"normal"
"main_1to1_K05_n100_normal","meta_regression","correct",1,0,NA,NA,NA,NA,NA,"1to1",5,100,"normal"
"main_3to1_K05_n100_normal","target_only","misspecified",1,1,-0.343637713444213,0.118086878101167,1,1.65636228655579,0.275436666244324,"3to1",5,100,"normal"
"main_3to1_K05_n100_normal","inmass","misspecified",1,0,NA,NA,NA,NA,NA,"3to1",5,100,"normal"
"main_3to1_K05_n100_normal","meta_regression","misspecified",1,0,NA,NA,NA,NA,NA,"3to1",5,100,"normal"
"main_3to1_K05_n100_normal","target_only","correct",1,1,-0.0332829017024052,0.00110775154573197,1,1.96671709829759,0.24033629681302,"3to1",5,100,"normal"
"main_3to1_K05_n100_normal","inmass","correct",1,0,NA,NA,NA,NA,NA,"3to1",5,100,"normal"
"main_3to1_K05_n100_normal","meta_regression","correct",1,0,NA,NA,NA,NA,NA,"3to1",5,100,"normal"
"main_4to0_K05_n100_normal","target_only","misspecified",1,0,NA,NA,NA,NA,NA,"4to0",5,100,"normal"
"main_4to0_K05_n100_normal","inmass","misspecified",1,0,NA,NA,NA,NA,NA,"4to0",5,100,"normal"
"main_4to0_K05_n100_normal","meta_regression","misspecified",1,1,0.564003364341558,0.318099794988596,1,2.56400336434156,0.746377652259823,"4to0",5,100,"normal"
"main_4to0_K05_n100_normal","target_only","correct",1,0,NA,NA,NA,NA,NA,"4to0",5,100,"normal"
"main_4to0_K05_n100_normal","inmass","correct",1,0,NA,NA,NA,NA,NA,"4to0",5,100,"normal"
"main_4to0_K05_n100_normal","meta_regression","correct",1,1,-0.0785040305941687,0.00616288281953017,1,1.92149596940583,0.903595511561885,"4to0",5,100,"normal"
"main_1to1_K10_n100_normal","target_only","misspecified",1,1,0.400739723222768,0.160592325768661,1,2.40073972322277,0.249808307811555,"1to1",10,100,"normal"
"main_1to1_K10_n100_normal","inmass","misspecified",1,0,NA,NA,NA,NA,NA,"1to1",10,100,"normal"
"main_1to1_K10_n100_normal","meta_regression","misspecified",1,0,NA,NA,NA,NA,NA,"1to1",10,100,"normal"
"main_1to1_K10_n100_normal","target_only","correct",1,1,0.417185765151506,0.174043962645048,1,2.41718576515151,0.207127649794133,"1to1",10,100,"normal"
"main_1to1_K10_n100_normal","inmass","correct",1,0,NA,NA,NA,NA,NA,"1to1",10,100,"normal"
"main_1to1_K10_n100_normal","meta_regression","correct",1,0,NA,NA,NA,NA,NA,"1to1",10,100,"normal"
"main_3to1_K10_n100_normal","target_only","misspecified",1,1,-0.909046842589164,0.826366162021328,1,1.09095315741084,0.256330182065987,"3to1",10,100,"normal"
"main_3to1_K10_n100_normal","inmass","misspecified",1,0,NA,NA,NA,NA,NA,"3to1",10,100,"normal"
"main_3to1_K10_n100_normal","meta_regression","misspecified",1,0,NA,NA,NA,NA,NA,"3to1",10,100,"normal"
"main_3to1_K10_n100_normal","target_only","correct",1,1,-0.805101056166943,0.648187710641127,1,1.19489894383306,0.253624811102768,"3to1",10,100,"normal"
"main_3to1_K10_n100_normal","inmass","correct",1,0,NA,NA,NA,NA,NA,"3to1",10,100,"normal"
"main_3to1_K10_n100_normal","meta_regression","correct",1,0,NA,NA,NA,NA,NA,"3to1",10,100,"normal"
"main_4to0_K10_n100_normal","target_only","misspecified",1,0,NA,NA,NA,NA,NA,"4to0",10,100,"normal"
"main_4to0_K10_n100_normal","inmass","misspecified",1,0,NA,NA,NA,NA,NA,"4to0",10,100,"normal"
"main_4to0_K10_n100_normal","meta_regression","misspecified",1,1,0.529998954513404,0.280898891785302,1,2.5299989545134,0.468481266231472,"4to0",10,100,"normal"
"main_4to0_K10_n100_normal","target_only","correct",1,0,NA,NA,NA,NA,NA,"4to0",10,100,"normal"
"main_4to0_K10_n100_normal","inmass","correct",1,0,NA,NA,NA,NA,NA,"4to0",10,100,"normal"
"main_4to0_K10_n100_normal","meta_regression","correct",1,1,0.0392330374938044,0.00153923123099026,1,2.0392330374938,0.511917926584918,"4to0",10,100,"normal"
"main_1to1_K30_n100_normal","target_only","misspecified",1,1,0.105562538114422,0.0111434494531589,1,2.10556253811442,0.272023875472153,"1to1",30,100,"normal"
"main_1to1_K30_n100_normal","inmass","misspecified",1,0,NA,NA,NA,NA,NA,"1to1",30,100,"normal"
"main_1to1_K30_n100_normal","meta_regression","misspecified",1,0,NA,NA,NA,NA,NA,"1to1",30,100,"normal"
"main_1to1_K30_n100_normal","target_only","correct",1,1,0.166763681418085,0.0278101254401126,1,2.16676368141809,0.210010517580319,"1to1",30,100,"normal"
"main_1to1_K30_n100_normal","inmass","correct",1,0,NA,NA,NA,NA,NA,"1to1",30,100,"normal"
"main_1to1_K30_n100_normal","meta_regression","correct",1,0,NA,NA,NA,NA,NA,"1to1",30,100,"normal"
"main_3to1_K30_n100_normal","target_only","misspecified",1,1,-0.067734611996791,0.00458797766235582,1,1.93226538800321,0.251712953566071,"3to1",30,100,"normal"
"main_3to1_K30_n100_normal","inmass","misspecified",1,0,NA,NA,NA,NA,NA,"3to1",30,100,"normal"
"main_3to1_K30_n100_normal","meta_regression","misspecified",1,0,NA,NA,NA,NA,NA,"3to1",30,100,"normal"
"main_3to1_K30_n100_normal","target_only","correct",1,1,-0.0278307455289302,0.000774550396696067,1,1.97216925447107,0.215793168930451,"3to1",30,100,"normal"
"main_3to1_K30_n100_normal","inmass","correct",1,0,NA,NA,NA,NA,NA,"3to1",30,100,"normal"
"main_3to1_K30_n100_normal","meta_regression","correct",1,0,NA,NA,NA,NA,NA,"3to1",30,100,"normal"
"main_4to0_K30_n100_normal","target_only","misspecified",1,0,NA,NA,NA,NA,NA,"4to0",30,100,"normal"
"main_4to0_K30_n100_normal","inmass","misspecified",1,0,NA,NA,NA,NA,NA,"4to0",30,100,"normal"
"main_4to0_K30_n100_normal","meta_regression","misspecified",1,1,0.527206630526152,0.277946831270739,1,2.52720663052615,0.333886649565901,"4to0",30,100,"normal"
"main_4to0_K30_n100_normal","target_only","correct",1,0,NA,NA,NA,NA,NA,"4to0",30,100,"normal"
"main_4to0_K30_n100_normal","inmass","correct",1,0,NA,NA,NA,NA,NA,"4to0",30,100,"normal"
"main_4to0_K30_n100_normal","meta_regression","correct",1,1,0.00791596935976679,6.26625709047667e-05,1,2.00791596935977,0.434598290167555,"4to0",30,100,"normal"
"main_1to1_K05_n020_chi2","target_only","misspecified",1,1,-0.231879027175738,0.0537678832439667,1,1.76812097282426,0.619228327092688,"1to1",5,20,"chi2"
"main_1to1_K05_n020_chi2","inmass","misspecified",1,0,NA,NA,NA,NA,NA,"1to1",5,20,"chi2"
"main_1to1_K05_n020_chi2","meta_regression","misspecified",1,0,NA,NA,NA,NA,NA,"1to1",5,20,"chi2"
"main_1to1_K05_n020_chi2","target_only","correct",1,1,-0.434157854421116,0.188493042555547,1,1.56584214557888,0.403107268979053,"1to1",5,20,"chi2"
"main_1to1_K05_n020_chi2","inmass","correct",1,0,NA,NA,NA,NA,NA,"1to1",5,20,"chi2"
"main_1to1_K05_n020_chi2","meta_regression","correct",1,0,NA,NA,NA,NA,NA,"1to1",5,20,"chi2"
"main_3to1_K05_n020_chi2","target_only","misspecified",1,1,-0.00850031489045144,7.22553532368305e-05,1,1.99149968510955,0.605573369865609,"3to1",5,20,"chi2"
"main_3to1_K05_n020_chi2","inmass","misspecified",1,0,NA,NA,NA,NA,NA,"3to1",5,20,"chi2"
"main_3to1_K05_n020_chi2","meta_regression","misspecified",1,0,NA,NA,NA,NA,NA,"3to1",5,20,"chi2"
"main_3to1_K05_n020_chi2","target_only","correct",1,1,-0.0879514144176272,0.0077354512980612,1,1.91204858558237,0.545382319169535,"3to1",5,20,"chi2"
"main_3to1_K05_n020_chi2","inmass","correct",1,0,NA,NA,NA,NA,NA,"3to1",5,20,"chi2"
"main_3to1_K05_n020_chi2","meta_regression","correct",1,0,NA,NA,NA,NA,NA,"3to1",5,20,"chi2"
"main_4to0_K05_n020_chi2","target_only","misspecified",1,0,NA,NA,NA,NA,NA,"4to0",5,20,"chi2"
"main_4to0_K05_n020_chi2","inmass","misspecified",1,0,NA,NA,NA,NA,NA,"4to0",5,20,"chi2"
"main_4to0_K05_n020_chi2","meta_regression","misspecified",1,1,0.897182222222214,0.804935939871591,1,2.89718222222221,0.723710435546442,"4to0",5,20,"chi2"
"main_4to0_K05_n020_chi2","target_only","correct",1,0,NA,NA,NA,NA,NA,"4to0",5,20,"chi2"
"main_4to0_K05_n020_chi2","inmass","correct",1,0,NA,NA,NA,NA,NA,"4to0",5,20,"chi2"
"main_4to0_K05_n020_chi2","meta_regression","correct",1,1,0.503377037986544,0.253388442372107,1,2.50337703798654,0.777784050926537,"4to0",5,20,"chi2"
"main_1to1_K10_n020_chi2","target_only","misspecified",1,1,0.590140797132193,0.348266160439821,1,2.59014079713219,0.571467661973771,"1to1",10,20,"chi2"
"main_1to1_K10_n020_chi2","inmass","misspecified",1,0,NA,NA,NA,NA,NA,"1to1",10,20,"chi2"
"main_1to1_K10_n020_chi2","meta_regression","misspecified",1,0,NA,NA,NA,NA,NA,"1to1",10,20,"chi2"
"main_1to1_K10_n020_chi2","target_only","correct",1,1,0.664450656938634,0.441494675506182,1,2.66445065693863,0.535725453046245,"1to1",10,20,"chi2"
"main_1to1_K10_n020_chi2","inmass","correct",1,0,NA,NA,NA,NA,NA,"1to1",10,20,"chi2"
"main_1to1_K10_n020_chi2","meta_regression","correct",1,0,NA,NA,NA,NA,NA,"1to1",10,20,"chi2"
"main_3to1_K10_n020_chi2","target_only","misspecified",1,1,-0.385572118405834,0.148665858491963,1,1.61442788159417,0.503227799674217,"3to1",10,20,"chi2"
"main_3to1_K10_n020_chi2","inmass","misspecified",1,0,NA,NA,NA,NA,NA,"3to1",10,20,"chi2"
"main_3to1_K10_n020_chi2","meta_regression","misspecified",1,0,NA,NA,NA,NA,NA,"3to1",10,20,"chi2"
"main_3to1_K10_n020_chi2","target_only","correct",1,1,0.0717355248772722,0.00514598552941774,0,2.07173552487727,1.66523276697057,"3to1",10,20,"chi2"
"main_3to1_K10_n020_chi2","inmass","correct",1,0,NA,NA,NA,NA,NA,"3to1",10,20,"chi2"
"main_3to1_K10_n020_chi2","meta_regression","correct",1,0,NA,NA,NA,NA,NA,"3to1",10,20,"chi2"
"main_4to0_K10_n020_chi2","target_only","misspecified",1,0,NA,NA,NA,NA,NA,"4to0",10,20,"chi2"
"main_4to0_K10_n020_chi2","inmass","misspecified",1,0,NA,NA,NA,NA,NA,"4to0",10,20,"chi2"
"main_4to0_K10_n020_chi2","meta_regression","misspecified",1,1,0.563060115121603,0.317036693240753,1,2.5630601151216,0.479954647518656,"4to0",10,20,"chi2"
"main_4to0_K10_n020_chi2","target_only","correct",1,0,NA,NA,NA,NA,NA,"4to0",10,20,"chi2"
"main_4to0_K10_n020_chi2","inmass","correct",1,0,NA,NA,NA,NA,NA,"4to0",10,20,"chi2"
"main_4to0_K10_n020_chi2","meta_regression","correct",1,1,0.0771209676700186,0.00594764365436006,1,2.07712096767002,0.535839128207311,"4to0",10,20,"chi2"
"main_1to1_K30_n020_chi2","target_only","misspecified",1,1,0.539940019114582,0.291535224241455,1,2.53994001911458,0.575272723178724,"1to1",30,20,"chi2"
"main_1to1_K30_n020_chi2","inmass","misspecified",1,0,NA,NA,NA,NA,NA,"1to1",30,20,"chi2"
"main_1to1_K30_n020_chi2","meta_regression","misspecified",1,0,NA,NA,NA,NA,NA,"1to1",30,20,"chi2"
"main_1to1_K30_n020_chi2","target_only","correct",1,1,-0.0647226974555051,0.00418902756591684,1,1.93527730254449,0.480123947239634,"1to1",30,20,"chi2"
"main_1to1_K30_n020_chi2","inmass","correct",1,0,NA,NA,NA,NA,NA,"1to1",30,20,"chi2"
"main_1to1_K30_n020_chi2","meta_regression","correct",1,0,NA,NA,NA,NA,NA,"1to1",30,20,"chi2"
"main_3to1_K30_n020_chi2","target_only","misspecified",1,1,0.856692111201459,0.733921373394813,1,2.85669211120146,0.558455138418478,"3to1",30,20,"chi2"
"main_3to1_K30_n020_chi2","inmass","misspecified",1,0,NA,NA,NA,NA,NA,"3to1",30,20,"chi2"
"main_3to1_K30_n020_chi2","meta_regression","misspecified",1,0,NA,NA,NA,NA,NA,"3to1",30,20,"chi2"
"main_3to1_K30_n020_chi2","target_only","correct",1,1,1.15690191541517,1.33842204189129,1,3.15690191541517,0.548572217918318,"3to1",30,20,"chi2"
"main_3to1_K30_n020_chi2","inmass","correct",1,0,NA,NA,NA,NA,NA,"3to1",30,20,"chi2"
"main_3to1_K30_n020_chi2","meta_regression","correct",1,0,NA,NA,NA,NA,NA,"3to1",30,20,"chi2"
"main_4to0_K30_n020_chi2","target_only","misspecified",1,0,NA,NA,NA,NA,NA,"4to0",30,20,"chi2"
"main_4to0_K30_n020_chi2","inmass","misspecified",1,0,NA,NA,NA,NA,NA,"4to0",30,20,"chi2"
"main_4to0_K30_n020_chi2","meta_regression","misspecified",1,1,0.505035053161404,0.255060404921742,1,2.5050350531614,0.274206943387345,"4to0",30,20,"chi2"
"main_4to0_K30_n020_chi2","target_only","correct",1,0,NA,NA,NA,NA,NA,"4to0",30,20,"chi2"
"main_4to0_K30_n020_chi2","inmass","correct",1,0,NA,NA,NA,NA,NA,"4to0",30,20,"chi2"
"main_4to0_K30_n020_chi2","meta_regression","correct",1,1,-0.154555183899714,0.0238873048702745,1,1.84544481610029,0.233714599895689,"4to0",30,20,"chi2"
"main_1to1_K05_n040_chi2","target_only","misspecified",1,1,0.820895015189743,0.673868625963368,1,2.82089501518974,0.469076135397777,"1to1",5,40,"chi2"
"main_1to1_K05_n040_chi2","inmass","misspecified",1,0,NA,NA,NA,NA,NA,"1to1",5,40,"chi2"
"main_1to1_K05_n040_chi2","meta_regression","misspecified",1,0,NA,NA,NA,NA,NA,"1to1",5,40,"chi2"
"main_1to1_K05_n040_chi2","target_only","correct",1,1,0.390120884339908,0.152194304398152,1,2.39012088433991,0.322449282339555,"1to1",5,40,"chi2"
"main_1to1_K05_n040_chi2","inmass","correct",1,0,NA,NA,NA,NA,NA,"1to1",5,40,"chi2"
"main_1to1_K05_n040_chi2","meta_regression","correct",1,0,NA,NA,NA,NA,NA,"1to1",5,40,"chi2"
"main_3to1_K05_n040_chi2","target_only","misspecified",1,1,-0.448141156011764,0.20083049571156,1,1.55185884398824,0.328113385750087,"3to1",5,40,"chi2"
"main_3to1_K05_n040_chi2","inmass","misspecified",1,0,NA,NA,NA,NA,NA,"3to1",5,40,"chi2"
"main_3to1_K05_n040_chi2","meta_regression","misspecified",1,0,NA,NA,NA,NA,NA,"3to1",5,40,"chi2"
"main_3to1_K05_n040_chi2","target_only","correct",1,1,-0.251370122389192,0.0631869384299574,1,1.74862987761081,0.407242407613242,"3to1",5,40,"chi2"
"main_3to1_K05_n040_chi2","inmass","correct",1,0,NA,NA,NA,NA,NA,"3to1",5,40,"chi2"
"main_3to1_K05_n040_chi2","meta_regression","correct",1,0,NA,NA,NA,NA,NA,"3to1",5,40,"chi2"
"main_4to0_K05_n040_chi2","target_only","misspecified",1,0,NA,NA,NA,NA,NA,"4to0",5,40,"chi2"
"main_4to0_K05_n040_chi2","inmass","misspecified",1,0,NA,NA,NA,NA,NA,"4to0",5,40,"chi2"
"main_4to0_K05_n040_chi2","meta_regression","misspecified",1,1,0.563804527356789,0.317875545068012,1,2.56380452735679,0.79293032229863,"4to0",5,40,"chi2"
"main_4to0_K05_n040_chi2","target_only","correct",1,0,NA,NA,NA,NA,NA,"4to0",5,40,"chi2"
"main_4to0_K05_n040_chi2","inmass","correct",1,0,NA,NA,NA,NA,NA,"4to0",5,40,"chi2"
"main_4to0_K05_n040_chi2","meta_regression","correct",1,1,0.0457399055159247,0.00209213895660572,1,2.04573990551592,0.933378985534784,"4to0",5,40,"chi2"
"main_1to1_K10_n040_chi2","target_only","misspecified",1,1,0.0810813008972704,0.0065741773551937,1,2.08108130089727,0.375433107985975,"1to1",10,40,"chi2"
"main_1to1_K10_n040_chi2","inmass","misspecified",1,0,NA,NA,NA,NA,NA,"1to1",10,40,"chi2"
"main_1to1_K10_n040_chi2","meta_regression","misspecified",1,0,NA,NA,NA,NA,NA,"1to1",10,40,"chi2"
"main_1to1_K10_n040_chi2","target_only","correct",1,1,0.112536050783325,0.012664362725907,1,2.11253605078332,0.292676884367276,"1to1",10,40,"chi2"
"main_1to1_K10_n040_chi2","inmass","correct",1,0,NA,NA,NA,NA,NA,"1to1",10,40,"chi2"
"main_1to1_K10_n040_chi2","meta_regression","correct",1,0,NA,NA,NA,NA,NA,"1to1",10,40,"chi2"
"main_3to1_K10_n040_chi2","target_only","misspecified",1,1,-0.98251022023499,0.965326332866208,1,1.01748977976501,0.467924470797551,"3to1",10,40,"chi2"
"main_3to1_K10_n040_chi2","inmass","misspecified",1,0,NA,NA,NA,NA,NA,"3to1",10,40,"chi2"
"main_3to1_K10_n040_chi2","meta_regression","misspecified",1,0,NA,NA,NA,NA,NA,"3to1",10,40,"chi2"
"main_3to1_K10_n040_chi2","target_only","correct",1,1,-0.458849638967714,0.210542991180801,1,1.54115036103229,0.459926428219901,"3to1",10,40,"chi2"
"main_3to1_K10_n040_chi2","inmass","correct",1,0,NA,NA,NA,NA,NA,"3to1",10,40,"chi2"
"main_3to1_K10_n040_chi2","meta_regression","correct",1,0,NA,NA,NA,NA,NA,"3to1",10,40,"chi2"
"main_4to0_K10_n040_chi2","target_only","misspecified",1,0,NA,NA,NA,NA,NA,"4to0",10,40,"chi2"
"main_4to0_K10_n040_chi2","inmass","misspecified",1,0,NA,NA,NA,NA,NA,"4to0",10,40,"chi2"
"main_4to0_K10_n040_chi2","meta_regression","misspecified",1,1,0.636421661946403,0.405032531794622,1,2.6364216619464,0.502673306153325,"4to0",10,40,"chi2"
"main_4to0_K10_n040_chi2","target_only","correct",1,0,NA,NA,NA,NA,NA,"4to0",10,40,"chi2"
"main_4to0_K10_n040_chi2","inmass","correct",1,0,NA,NA,NA,NA,NA,"4to0",10,40,"chi2"
"main_4to0_K10_n040_chi2","meta_regression","correct",1,1,0.00245708817693524,6.03728230923494e-06,1,2.00245708817694,0.637115201659815,"4to0",10,40,"chi2"
"main_1to1_K30_n040_chi2","target_only","misspecified",1,1,0.329099851300409,0.108306712125951,1,2.32909985130041,0.506113617281487,"1to1",30,40,"chi2"
"main_1to1_K30_n040_chi2","inmass","misspecified",1,0,NA,NA,NA,NA,NA,"1to1",30,40,"chi2"
"main_1to1_K30_n040_chi2","meta_regression","misspecified",1,0,NA,NA,NA,NA,NA,"1to1",30,40,"chi2"
"main_1to1_K30_n040_chi2","target_only","correct",1,1,0.0525611435489362,0.00276267381117187,1,2.05256114354894,0.275965471526096,"1to1",30,40,"chi2"
"main_1to1_K30_n040_chi2","inmass","correct",1,0,NA,NA,NA,NA,NA,"1to1",30,40,"chi2"
"main_1to1_K30_n040_chi2","meta_regression","correct",1,0,NA,NA,NA,NA,NA,"1to1",30,40,"chi2"
"main_3to1_K30_n040_chi2","target_only","misspecified",1,1,0.0628490155934682,0.00394999876106801,1,2.06284901559347,0.464641822609153,"3to1",30,40,"chi2"
"main_3to1_K30_n040_chi2","inmass","misspecified",1,0,NA,NA,NA,NA,NA,"3to1",30,40,"chi2"
"main_3to1_K30_n040_chi2","meta_regression","misspecified",1,0,NA,NA,NA,NA,NA,"3to1",30,40,"chi2"
"main_3to1_K30_n040_chi2","target_only","correct",1,1,-0.130435056769055,0.0170133040343465,1,1.86956494323095,0.380610437625673,"3to1",30,40,"chi2"
"main_3to1_K30_n040_chi2","inmass","correct",1,0,NA,NA,NA,NA,NA,"3to1",30,40,"chi2"
"main_3to1_K30_n040_chi2","meta_regression","correct",1,0,NA,NA,NA,NA,NA,"3to1",30,40,"chi2"
"main_4to0_K30_n040_chi2","target_only","misspecified",1,0,NA,NA,NA,NA,NA,"4to0",30,40,"chi2"
"main_4to0_K30_n040_chi2","inmass","misspecified",1,0,NA,NA,NA,NA,NA,"4to0",30,40,"chi2"
"main_4to0_K30_n040_chi2","meta_regression","misspecified",1,1,0.527776607550478,0.278548147477491,1,2.52777660755048,0.259599124117248,"4to0",30,40,"chi2"
"main_4to0_K30_n040_chi2","target_only","correct",1,0,NA,NA,NA,NA,NA,"4to0",30,40,"chi2"
"main_4to0_K30_n040_chi2","inmass","correct",1,0,NA,NA,NA,NA,NA,"4to0",30,40,"chi2"
"main_4to0_K30_n040_chi2","meta_regression","correct",1,1,-0.0368395880612455,0.00135715524852227,1,1.96316041193875,0.32934208105789,"4to0",30,40,"chi2"
"main_1to1_K05_n100_chi2","target_only","misspecified",1,1,-0.0443294370956804,0.00196509899321988,1,1.95567056290432,0.229248636340517,"1to1",5,100,"chi2"
"main_1to1_K05_n100_chi2","inmass","misspecified",1,0,NA,NA,NA,NA,NA,"1to1",5,100,"chi2"
"main_1to1_K05_n100_chi2","meta_regression","misspecified",1,0,NA,NA,NA,NA,NA,"1to1",5,100,"chi2"
"main_1to1_K05_n100_chi2","target_only","correct",1,1,0.0391500726021436,0.00153272818475312,1,2.03915007260214,0.190948635609828,"1to1",5,100,"chi2"
"main_1to1_K05_n100_chi2","inmass","correct",1,0,NA,NA,NA,NA,NA,"1to1",5,100,"chi2"
"main_1to1_K05_n100_chi2","meta_regression","correct",1,0,NA,NA,NA,NA,NA,"1to1",5,100,"chi2"
"main_3to1_K05_n100_chi2","target_only","misspecified",1,1,-0.35314816679492,0.124713627710613,1,1.64685183320508,0.300506999749286,"3to1",5,100,"chi2"
"main_3to1_K05_n100_chi2","inmass","misspecified",1,0,NA,NA,NA,NA,NA,"3to1",5,100,"chi2"
"main_3to1_K05_n100_chi2","meta_regression","misspecified",1,0,NA,NA,NA,NA,NA,"3to1",5,100,"chi2"
"main_3to1_K05_n100_chi2","target_only","correct",1,1,-0.382802685188747,0.146537895787715,1,1.61719731481125,0.229231441615566,"3to1",5,100,"chi2"
"main_3to1_K05_n100_chi2","inmass","correct",1,0,NA,NA,NA,NA,NA,"3to1",5,100,"chi2"
"main_3to1_K05_n100_chi2","meta_regression","correct",1,0,NA,NA,NA,NA,NA,"3to1",5,100,"chi2"
"main_4to0_K05_n100_chi2","target_only","misspecified",1,0,NA,NA,NA,NA,NA,"4to0",5,100,"chi2"
"main_4to0_K05_n100_chi2","inmass","misspecified",1,0,NA,NA,NA,NA,NA,"4to0",5,100,"chi2"
"main_4to0_K05_n100_chi2","meta_regression","misspecified",1,1,0.552826513823681,0.305617154386445,1,2.55282651382368,0.772172340490214,"4to0",5,100,"chi2"
"main_4to0_K05_n100_chi2","target_only","correct",1,0,NA,NA,NA,NA,NA,"4to0",5,100,"chi2"
"main_4to0_K05_n100_chi2","inmass","correct",1,0,NA,NA,NA,NA,NA,"4to0",5,100,"chi2"
"main_4to0_K05_n100_chi2","meta_regression","correct",1,1,-0.0590729175269642,0.00348960958514751,1,1.94092708247304,0.923584916173011,"4to0",5,100,"chi2"
"main_1to1_K10_n100_chi2","target_only","misspecified",1,1,0.187079575358482,0.0349987675163101,1,2.18707957535848,0.266244936324952,"1to1",10,100,"chi2"
"main_1to1_K10_n100_chi2","inmass","misspecified",1,0,NA,NA,NA,NA,NA,"1to1",10,100,"chi2"
"main_1to1_K10_n100_chi2","meta_regression","misspecified",1,0,NA,NA,NA,NA,NA,"1to1",10,100,"chi2"
"main_1to1_K10_n100_chi2","target_only","correct",1,1,0.0432189569794246,0.00186787824238935,1,2.04321895697942,0.191389951084906,"1to1",10,100,"chi2"
"main_1to1_K10_n100_chi2","inmass","correct",1,0,NA,NA,NA,NA,NA,"1to1",10,100,"chi2"
"main_1to1_K10_n100_chi2","meta_regression","correct",1,0,NA,NA,NA,NA,NA,"1to1",10,100,"chi2"
"main_3to1_K10_n100_chi2","target_only","misspecified",1,1,-0.0343755386495079,0.00118167765744381,1,1.96562446135049,0.26671373078212,"3to1",10,100,"chi2"
"main_3to1_K10_n100_chi2","inmass","misspecified",1,0,NA,NA,NA,NA,NA,"3to1",10,100,"chi2"
"main_3to1_K10_n100_chi2","meta_regression","misspecified",1,0,NA,NA,NA,NA,NA,"3to1",10,100,"chi2"
"main_3to1_K10_n100_chi2","target_only","correct",1,1,0.00266876322220044,7.12229713616969e-06,1,2.0026687632222,0.233544143201955,"3to1",10,100,"chi2"
"main_3to1_K10_n100_chi2","inmass","correct",1,0,NA,NA,NA,NA,NA,"3to1",10,100,"chi2"
"main_3to1_K10_n100_chi2","meta_regression","correct",1,0,NA,NA,NA,NA,NA,"3to1",10,100,"chi2"
"main_4to0_K10_n100_chi2","target_only","misspecified",1,0,NA,NA,NA,NA,NA,"4to0",10,100,"chi2"
"main_4to0_K10_n100_chi2","inmass","misspecified",1,0,NA,NA,NA,NA,NA,"4to0",10,100,"chi2"
"main_4to0_K10_n100_chi2","meta_regression","misspecified",1,1,0.553114615111849,0.305935777450329,1,2.55311461511185,0.457087884087563,"4to0",10,100,"chi2"
"main_4to0_K10_n100_chi2","target_only","correct",1,0,NA,NA,NA,NA,NA,"4to0",10,100,"chi2"
"main_4to0_K10_n100_chi2","inmass","correct",1,0,NA,NA,NA,NA,NA,"4to0",10,100,"chi2"
"main_4to0_K10_n100_chi2","meta_regression","correct",1,1,0.00701290612668615,4.91808523417121e-05,1,2.00701290612669,0.531809148680041,"4to0",10,100,"chi2"
"main_1to1_K30_n100_chi2","target_only","misspecified",1,1,0.0572129231895895,0.00327331857989787,1,2.05721292318959,0.229248153230094,"1to1",30,100,"chi2"
"main_1to1_K30_n100_chi2","inmass","misspecified",1,0,NA,NA,NA,NA,NA,"1to1",30,100,"chi2"
"main_1to1_K30_n100_chi2","meta_regression","misspecified",1,0,NA,NA,NA,NA,NA,"1to1",30,100,"chi2"
"main_1to1_K30_n100_chi2","target_only","correct",1,1,-0.0706121152989538,0.00498607082699275,1,1.92938788470105,0.1937300067887,"1to1",30,100,"chi2"
"main_1to1_K30_n100_chi2","inmass","correct",1,0,NA,NA,NA,NA,NA,"1to1",30,100,"chi2"
"main_1to1_K30_n100_chi2","meta_regression","correct",1,0,NA,NA,NA,NA,NA,"1to1",30,100,"chi2"
"main_3to1_K30_n100_chi2","target_only","misspecified",1,1,-0.0685132153532451,0.00469406067804013,1,1.93148678464675,0.265058954059798,"3to1",30,100,"chi2"
"main_3to1_K30_n100_chi2","inmass","misspecified",1,0,NA,NA,NA,NA,NA,"3to1",30,100,"chi2"
"main_3to1_K30_n100_chi2","meta_regression","misspecified",1,0,NA,NA,NA,NA,NA,"3to1",30,100,"chi2"
"main_3to1_K30_n100_chi2","target_only","correct",1,1,-0.236102119135279,0.0557442106601696,1,1.76389788086472,0.195652738578787,"3to1",30,100,"chi2"
"main_3to1_K30_n100_chi2","inmass","correct",1,0,NA,NA,NA,NA,NA,"3to1",30,100,"chi2"
"main_3to1_K30_n100_chi2","meta_regression","correct",1,0,NA,NA,NA,NA,NA,"3to1",30,100,"chi2"
"main_4to0_K30_n100_chi2","target_only","misspecified",1,0,NA,NA,NA,NA,NA,"4to0",30,100,"chi2"
"main_4to0_K30_n100_chi2","inmass","misspecified",1,0,NA,NA,NA,NA,NA,"4to0",30,100,"chi2"
"main_4to0_K30_n100_chi2","meta_regression","misspecified",1,1,0.537273797833638,0.288663133838581,1,2.53727379783364,0.274617079082454,"4to0",30,100,"chi2"
"main_4to0_K30_n100_chi2","target_only","correct",1,0,NA,NA,NA,NA,NA,"4to0",30,100,"chi2"
"main_4to0_K30_n100_chi2","inmass","correct",1,0,NA,NA,NA,NA,NA,"4to0",30,100,"chi2"
"main_4to0_K30_n100_chi2","meta_regression","correct",1,1,0.0197023504672438,0.000388182613934101,1,2.01970235046724,0.357051553572376,"4to0",30,100,"chi2"
